2026-03-27 14:52:14 [INFO] Experiment settings saved to: c:\Users\CV166\Documents\LabWindowsCVI\BatteryApplication\battery-tester\data\BT32_baseline_20260327_145214\experiment_settings.ini
2026-03-27 14:52:14 [INFO] Initializing relay states...
2026-03-27 14:52:14 [INFO] EIS target SOC points initialized:
2026-03-27 14:52:14 [INFO]   0.0%
2026-03-27 14:52:14 [INFO]   10.0%
2026-03-27 14:52:14 [INFO]   20.0%
2026-03-27 14:52:14 [INFO]   30.0%
2026-03-27 14:52:14 [INFO]   40.0%
2026-03-27 14:52:14 [INFO]   50.0%
2026-03-27 14:52:14 [INFO]   60.0%
2026-03-27 14:52:14 [INFO]   70.0%
2026-03-27 14:52:14 [INFO]   80.0%
2026-03-27 14:52:14 [INFO]   90.0%
2026-03-27 14:52:14 [INFO]   100.0%
2026-03-27 14:52:14 [INFO] === PHASE 1: Initial Discharge and Temperature Setup ===
2026-03-27 14:52:14 [INFO] Setting up temperature control - target: 30.0 ï¿½C
2026-03-27 14:52:14 [INFO] [DTB] Setting setpoint to 30.0°C for all 2 DTB devices...
2026-03-27 14:52:15 [INFO] [DTB] Setting setpoint: 30.0°C
2026-03-27 14:52:16 [INFO] [DTB] Setting setpoint: 30.0°C
2026-03-27 14:52:16 [INFO] [DTB] Successfully set setpoint for all DTB devices
2026-03-27 14:52:16 [INFO] [DTB] Setting run/stop to RUN for all 2 DTB devices...
2026-03-27 14:52:16 [INFO] [DTB] Setting Run/Stop: RUN
2026-03-27 14:52:17 [INFO] [DTB] Setting Run/Stop: RUN
2026-03-27 14:52:17 [INFO] [DTB] Successfully set run/stop for all DTB devices
2026-03-27 14:52:17 [INFO] DTB temperature controller started
2026-03-27 14:52:17 [INFO] Switching to PSB...
2026-03-27 14:52:17 [INFO] [PSB] Setting output: OFF
2026-03-27 14:52:18 [INFO] RELAY DIAG: PSB voltage BEFORE relay connect (output OFF): 3.6026 V
2026-03-27 14:52:18 [INFO] RELAY DIAG: PSB voltage AFTER relay connect (output OFF): 3.6026 V
2026-03-27 14:52:18 [WARN] RELAY DIAG: Voltage unchanged (delta=0.0000V) - sense wires may bypass relay, or relay was already connected
2026-03-27 14:52:18 [INFO] [PSB] Setting output: ON
2026-03-27 14:52:18 [INFO] Successfully switched to PSB (output enabled)
2026-03-27 14:52:18 [INFO] Discharging battery to 2.70 V
2026-03-27 14:52:19 [INFO] Battery voltage: 3.305 V, Target: 2.700 V - Will DISCHARGE
2026-03-27 14:52:19 [INFO] Configuring PSB with current=5.000A, voltage=2.700V
2026-03-27 14:52:19 [INFO] [PSB] Setting current: 5.00A
2026-03-27 14:52:19 [INFO] [PSB] Setting sink current: 5.00A
2026-03-27 14:52:20 [INFO] [PSB] Setting voltage: 2.70V
2026-03-27 14:52:20 [INFO] [PSB] 
2026-03-27 14:52:20 [INFO] [PSB] ======================================================
2026-03-27 14:52:20 [INFO] [PSB] PSB COMPLETE REGISTER DUMP: after setpoint writes
2026-03-27 14:52:20 [INFO] [PSB] ======================================================
2026-03-27 14:52:20 [INFO] [PSB] SETPOINT REGISTERS:
2026-03-27 14:52:20 [INFO] [PSB] -------------------
2026-03-27 14:52:20 [INFO] [PSB]   REG 498 (SINK_MODE_POWER):       20.38 W
2026-03-27 14:52:20 [INFO] [PSB]   REG 499 (SINK_MODE_CURRENT):     5.10 A
2026-03-27 14:52:20 [INFO] [PSB]   REG 500 (SET_VOLTAGE):           2.75 V
2026-03-27 14:52:20 [INFO] [PSB]   REG 501 (SET_CURRENT):           5.10 A
2026-03-27 14:52:20 [INFO] [PSB]   REG 502 (SET_POWER_SOURCE):      20.38 W
2026-03-27 14:52:20 [INFO] [PSB] 
2026-03-27 14:52:20 [INFO] [PSB] LIMIT REGISTERS:
2026-03-27 14:52:20 [INFO] [PSB] ----------------
2026-03-27 14:52:21 [INFO] [PSB]   REG 9000 (VOLTAGE_MAX):          62.42 V
2026-03-27 14:52:21 [INFO] [PSB]   REG 9001 (VOLTAGE_MIN):          0.00 V
2026-03-27 14:52:21 [INFO] [PSB]   REG 9002 (CURRENT_MAX/SRC):      62.42 A
2026-03-27 14:52:21 [INFO] [PSB]   REG 9003 (CURRENT_MIN/SRC):      0.00 A
2026-03-27 14:52:21 [INFO] [PSB]   REG 9004 (POWER_MAX/SRC):        1248.47 W
2026-03-27 14:52:21 [INFO] [PSB]   REG 9005 (SINK_POWER_MAX):       1248.47 W
2026-03-27 14:52:21 [INFO] [PSB]   REG 9008 (SINK_CURRENT_MAX):     62.42 A
2026-03-27 14:52:21 [INFO] [PSB]   REG 9009 (SINK_CURRENT_MIN):     0.00 A
2026-03-27 14:52:21 [INFO] [PSB] 
2026-03-27 14:52:21 [INFO] [PSB] DEVICE STATE:
2026-03-27 14:52:21 [INFO] [PSB] -------------
2026-03-27 14:52:21 [INFO] [PSB]   REG 505 (DEVICE_STATE):          0x00005C83
2026-03-27 14:52:21 [INFO] [PSB]     Regulation Mode:               CC (SINK mode)
2026-03-27 14:52:21 [INFO] [PSB]     Output Enabled:                YES
2026-03-27 14:52:21 [INFO] [PSB]     Remote Mode:                   YES
2026-03-27 14:52:21 [INFO] [PSB]     Control Location:              3
2026-03-27 14:52:21 [INFO] [PSB] 
2026-03-27 14:52:21 [INFO] [PSB] ACTUAL VALUES:
2026-03-27 14:52:21 [INFO] [PSB] --------------
2026-03-27 14:52:21 [INFO] [PSB]   Voltage:                         3.298 V
2026-03-27 14:52:21 [INFO] [PSB]   Current:                         4.999 A
2026-03-27 14:52:21 [INFO] [PSB]   Power:                           16.57 W
2026-03-27 14:52:21 [INFO] [PSB] ======================================================
2026-03-27 14:52:21 [INFO] [PSB] 
2026-03-27 14:52:22 [INFO] SETPOINT DIAG: After writing setpoints (output ON):
2026-03-27 14:52:22 [INFO]   PSB Mode: CC (SINK mode)
2026-03-27 14:52:22 [INFO]   Actual V: 3.2959 V, I: 4.999 A
2026-03-27 14:52:22 [INFO]   Device State (raw): 0x00005C83
2026-03-27 14:52:22 [INFO]   Expected: DISCHARGE â†’ CV SINK mode
2026-03-27 14:52:22 [INFO] [PSB] Setting output: ON
2026-03-27 14:52:22 [INFO] Waiting for output to stabilize...
2026-03-27 14:52:24 [INFO] ==========================================================
2026-03-27 14:52:24 [INFO] CRITICAL DIAGNOSTIC: After output enable + stabilization:
2026-03-27 14:52:24 [INFO] ==========================================================
2026-03-27 14:52:24 [INFO]   PSB Mode: CC (SINK mode)
2026-03-27 14:52:24 [INFO]   Voltage: 3.294 V (target: 2.700 V)
2026-03-27 14:52:24 [INFO]   Current: 4.999 A
2026-03-27 14:52:24 [INFO]   Power: 16.53 W
2026-03-27 14:52:24 [INFO]   Device State (raw): 0x00005C83
2026-03-27 14:52:24 [INFO]   Output Enabled: YES
2026-03-27 14:52:24 [INFO] ==========================================================
2026-03-27 14:52:24 [ERROR] MODE SWITCHING DETECTED AFTER OUTPUT ENABLE!
2026-03-27 14:52:24 [ERROR]   Expected: CV mode, Actual: CC SINK mode
2026-03-27 14:52:24 [ERROR]   This is the root cause of the discharge failure!
2026-03-27 14:52:24 [INFO] Discharging...
2026-03-27 15:12:36 [INFO] Target voltage reached (2.696 V) and current below threshold (0.240 A < 0.250 A)
2026-03-27 15:12:36 [INFO] [PSB] Setting output: OFF
2026-03-27 15:12:36 [INFO] Discharge complete: 1450.60 mAh, 4.43 Wh in 20.2 minutes
2026-03-27 15:12:36 [INFO] Phase 1 discharge completed: 1450.60 mAh in 20.2 minutes
2026-03-27 15:12:36 [INFO] Waiting 300 seconds for battery relaxation...
2026-03-27 15:18:09 [INFO] Waiting for ALL DTB devices to reach target temperature: 30.0 ï¿½C
2026-03-27 15:18:24 [INFO] DTB average temperature: 29.9 ï¿½C (target: 30.0 ï¿½C, max diff: 0.1 ï¿½C, 2/2 in tolerance)
2026-03-27 15:18:24 [INFO] ALL DTB devices reached target temperature (avg: 29.9 ï¿½C)
2026-03-27 15:18:24 [INFO] Stabilizing temperature for 0 seconds - monitoring ALL DTB devices...
2026-03-27 15:23:21 [INFO] Temperature stabilization completed for all DTB devices
2026-03-27 15:23:21 [INFO] Phase 1 completed successfully
2026-03-27 15:23:21 [INFO] === PHASE 2: Capacity Experiment (Charge â†’ Discharge) ===
2026-03-27 15:23:21 [INFO] Running Phase 2 charge phase...
2026-03-27 15:23:21 [INFO] Battery voltage: 2.792 V, Target: 4.200 V - Will CHARGE
2026-03-27 15:23:21 [INFO] Configuring PSB with current=3.300A, voltage=4.200V
2026-03-27 15:23:21 [INFO] [PSB] Setting current: 3.30A
2026-03-27 15:23:21 [INFO] [PSB] Setting sink current: 3.30A
2026-03-27 15:23:21 [INFO] [PSB] Setting voltage: 4.20V
2026-03-27 15:23:22 [INFO] [PSB] 
2026-03-27 15:23:22 [INFO] [PSB] ======================================================
2026-03-27 15:23:22 [INFO] [PSB] PSB COMPLETE REGISTER DUMP: after setpoint writes
2026-03-27 15:23:22 [INFO] [PSB] ======================================================
2026-03-27 15:23:22 [INFO] [PSB] SETPOINT REGISTERS:
2026-03-27 15:23:22 [INFO] [PSB] -------------------
2026-03-27 15:23:22 [INFO] [PSB]   REG 498 (SINK_MODE_POWER):       20.38 W
2026-03-27 15:23:22 [INFO] [PSB]   REG 499 (SINK_MODE_CURRENT):     3.37 A
2026-03-27 15:23:22 [INFO] [PSB]   REG 500 (SET_VOLTAGE):           4.28 V
2026-03-27 15:23:22 [INFO] [PSB]   REG 501 (SET_CURRENT):           3.37 A
2026-03-27 15:23:22 [INFO] [PSB]   REG 502 (SET_POWER_SOURCE):      20.38 W
2026-03-27 15:23:22 [INFO] [PSB] 
2026-03-27 15:23:22 [INFO] [PSB] LIMIT REGISTERS:
2026-03-27 15:23:22 [INFO] [PSB] ----------------
2026-03-27 15:23:22 [INFO] [PSB]   REG 9000 (VOLTAGE_MAX):          62.42 V
2026-03-27 15:23:22 [INFO] [PSB]   REG 9001 (VOLTAGE_MIN):          0.00 V
2026-03-27 15:23:23 [INFO] [PSB]   REG 9002 (CURRENT_MAX/SRC):      62.42 A
2026-03-27 15:23:23 [INFO] [PSB]   REG 9003 (CURRENT_MIN/SRC):      0.00 A
2026-03-27 15:23:23 [INFO] [PSB]   REG 9004 (POWER_MAX/SRC):        1248.47 W
2026-03-27 15:23:23 [INFO] [PSB]   REG 9005 (SINK_POWER_MAX):       1248.47 W
2026-03-27 15:23:23 [INFO] [PSB]   REG 9008 (SINK_CURRENT_MAX):     62.42 A
2026-03-27 15:23:23 [INFO] [PSB]   REG 9009 (SINK_CURRENT_MIN):     0.00 A
2026-03-27 15:23:23 [INFO] [PSB] 
2026-03-27 15:23:23 [INFO] [PSB] DEVICE STATE:
2026-03-27 15:23:23 [INFO] [PSB] -------------
2026-03-27 15:23:23 [INFO] [PSB]   REG 505 (DEVICE_STATE):          0x00004803
2026-03-27 15:23:23 [INFO] [PSB]     Regulation Mode:               CV (SOURCE mode)
2026-03-27 15:23:23 [INFO] [PSB]     Output Enabled:                NO
2026-03-27 15:23:23 [INFO] [PSB]     Remote Mode:                   YES
2026-03-27 15:23:23 [INFO] [PSB]     Control Location:              3
2026-03-27 15:23:23 [INFO] [PSB] 
2026-03-27 15:23:23 [INFO] [PSB] ACTUAL VALUES:
2026-03-27 15:23:23 [INFO] [PSB] --------------
2026-03-27 15:23:23 [INFO] [PSB]   Voltage:                         2.792 V
2026-03-27 15:23:23 [INFO] [PSB]   Current:                         0.000 A
2026-03-27 15:23:23 [INFO] [PSB]   Power:                           0.00 W
2026-03-27 15:23:23 [INFO] [PSB] ======================================================
2026-03-27 15:23:23 [INFO] [PSB] 
2026-03-27 15:23:24 [INFO] SETPOINT DIAG: After writing setpoints (output OFF):
2026-03-27 15:23:24 [INFO]   PSB Mode: CV (SOURCE mode)
2026-03-27 15:23:24 [INFO]   Actual V: 2.7924 V, I: 0.000 A
2026-03-27 15:23:24 [INFO]   Device State (raw): 0x00004803
2026-03-27 15:23:24 [INFO]   Expected: CHARGE â†’ CV SOURCE mode
2026-03-27 15:23:24 [INFO] [PSB] Setting output: ON
2026-03-27 15:23:24 [INFO] Waiting for output to stabilize...
2026-03-27 15:23:26 [INFO] ==========================================================
2026-03-27 15:23:26 [INFO] CRITICAL DIAGNOSTIC: After output enable + stabilization:
2026-03-27 15:23:26 [INFO] ==========================================================
2026-03-27 15:23:26 [INFO]   PSB Mode: CC (SOURCE mode)
2026-03-27 15:23:26 [INFO]   Voltage: 3.037 V (target: 4.200 V)
2026-03-27 15:23:26 [INFO]   Current: 3.298 A
2026-03-27 15:23:26 [INFO]   Power: 9.93 W
2026-03-27 15:23:26 [INFO]   Device State (raw): 0x00004C83
2026-03-27 15:23:26 [INFO]   Output Enabled: YES
2026-03-27 15:23:26 [INFO] ==========================================================
2026-03-27 15:23:26 [ERROR] MODE SWITCHING DETECTED AFTER OUTPUT ENABLE!
2026-03-27 15:23:26 [ERROR]   Expected: CV mode, Actual: CC SOURCE mode
2026-03-27 15:23:26 [ERROR]   This is the root cause of the discharge failure!
2026-03-27 15:23:26 [INFO] Charging...
2026-03-27 15:29:50 [WARN] DTB(slave 3) status callback timed out after 5000.4 ms
2026-03-27 15:29:50 [WARN] DTB(slave 3) status update timed out
2026-03-27 16:47:10 [WARN] DTB(slave 3) status callback timed out after 5007.4 ms
2026-03-27 16:47:10 [WARN] DTB(slave 3) status update timed out
2026-03-27 16:49:29 [WARN] DTB(slave 3) status callback timed out after 5015.8 ms
2026-03-27 16:49:29 [WARN] DTB(slave 3) status update timed out
2026-03-27 16:51:28 [WARN] DTB(slave 3) status callback timed out after 5005.5 ms
2026-03-27 16:51:28 [WARN] DTB(slave 3) status update timed out
2026-03-27 17:35:00 [INFO] Target voltage reached (4.195 V) and current below threshold (0.249 A < 0.250 A)
2026-03-27 17:35:00 [INFO] [PSB] Setting output: OFF
2026-03-27 17:35:00 [INFO] Charge complete: 4818.60 mAh, 19.10 Wh in 131.6 minutes
2026-03-27 17:35:00 [INFO] Phase 2 charge completed: 4818.60 mAh, 19.10 Wh in 131.6 minutes
2026-03-27 17:35:00 [INFO] Waiting 300 seconds for battery relaxation after charge...
2026-03-27 17:40:32 [INFO] Running Phase 2 discharge phase...
2026-03-27 17:40:32 [INFO] Battery voltage: 4.173 V, Target: 2.700 V - Will DISCHARGE
2026-03-27 17:40:32 [INFO] Configuring PSB with current=5.000A, voltage=2.700V
2026-03-27 17:40:32 [INFO] [PSB] Setting current: 5.00A
2026-03-27 17:40:33 [INFO] [PSB] Setting sink current: 5.00A
2026-03-27 17:40:33 [INFO] [PSB] Setting voltage: 2.70V
2026-03-27 17:40:33 [INFO] [PSB] 
2026-03-27 17:40:33 [INFO] [PSB] ======================================================
2026-03-27 17:40:33 [INFO] [PSB] PSB COMPLETE REGISTER DUMP: after setpoint writes
2026-03-27 17:40:33 [INFO] [PSB] ======================================================
2026-03-27 17:40:33 [INFO] [PSB] SETPOINT REGISTERS:
2026-03-27 17:40:33 [INFO] [PSB] -------------------
2026-03-27 17:40:33 [INFO] [PSB]   REG 498 (SINK_MODE_POWER):       20.38 W
2026-03-27 17:40:33 [INFO] [PSB]   REG 499 (SINK_MODE_CURRENT):     5.10 A
2026-03-27 17:40:33 [INFO] [PSB]   REG 500 (SET_VOLTAGE):           2.75 V
2026-03-27 17:40:34 [INFO] [PSB]   REG 501 (SET_CURRENT):           5.10 A
2026-03-27 17:40:34 [INFO] [PSB]   REG 502 (SET_POWER_SOURCE):      20.38 W
2026-03-27 17:40:34 [INFO] [PSB] 
2026-03-27 17:40:34 [INFO] [PSB] LIMIT REGISTERS:
2026-03-27 17:40:34 [INFO] [PSB] ----------------
2026-03-27 17:40:34 [INFO] [PSB]   REG 9000 (VOLTAGE_MAX):          62.42 V
2026-03-27 17:40:34 [INFO] [PSB]   REG 9001 (VOLTAGE_MIN):          0.00 V
2026-03-27 17:40:34 [INFO] [PSB]   REG 9002 (CURRENT_MAX/SRC):      62.42 A
2026-03-27 17:40:34 [INFO] [PSB]   REG 9003 (CURRENT_MIN/SRC):      0.00 A
2026-03-27 17:40:34 [INFO] [PSB]   REG 9004 (POWER_MAX/SRC):        1248.47 W
2026-03-27 17:40:34 [INFO] [PSB]   REG 9005 (SINK_POWER_MAX):       1248.47 W
2026-03-27 17:40:34 [INFO] [PSB]   REG 9008 (SINK_CURRENT_MAX):     62.42 A
2026-03-27 17:40:35 [INFO] [PSB]   REG 9009 (SINK_CURRENT_MIN):     0.00 A
2026-03-27 17:40:35 [INFO] [PSB] 
2026-03-27 17:40:35 [INFO] [PSB] DEVICE STATE:
2026-03-27 17:40:35 [INFO] [PSB] -------------
2026-03-27 17:40:35 [INFO] [PSB]   REG 505 (DEVICE_STATE):          0x00004803
2026-03-27 17:40:35 [INFO] [PSB]     Regulation Mode:               CV (SOURCE mode)
2026-03-27 17:40:35 [INFO] [PSB]     Output Enabled:                NO
2026-03-27 17:40:35 [INFO] [PSB]     Remote Mode:                   YES
2026-03-27 17:40:35 [INFO] [PSB]     Control Location:              3
2026-03-27 17:40:35 [INFO] [PSB] 
2026-03-27 17:40:35 [INFO] [PSB] ACTUAL VALUES:
2026-03-27 17:40:35 [INFO] [PSB] --------------
2026-03-27 17:40:35 [INFO] [PSB]   Voltage:                         4.173 V
2026-03-27 17:40:35 [INFO] [PSB]   Current:                         0.000 A
2026-03-27 17:40:35 [INFO] [PSB]   Power:                           0.00 W
2026-03-27 17:40:35 [INFO] [PSB] ======================================================
2026-03-27 17:40:35 [INFO] [PSB] 
2026-03-27 17:40:35 [INFO] SETPOINT DIAG: After writing setpoints (output OFF):
2026-03-27 17:40:35 [INFO]   PSB Mode: CV (SOURCE mode)
2026-03-27 17:40:35 [INFO]   Actual V: 4.1725 V, I: 0.000 A
2026-03-27 17:40:35 [INFO]   Device State (raw): 0x00004803
2026-03-27 17:40:35 [INFO]   Expected: DISCHARGE â†’ CV SINK mode
2026-03-27 17:40:35 [INFO] [PSB] Setting output: ON
2026-03-27 17:40:35 [INFO] Waiting for output to stabilize...
2026-03-27 17:40:38 [INFO] ==========================================================
2026-03-27 17:40:38 [INFO] CRITICAL DIAGNOSTIC: After output enable + stabilization:
2026-03-27 17:40:38 [INFO] ==========================================================
2026-03-27 17:40:38 [INFO]   PSB Mode: CC (SINK mode)
2026-03-27 17:40:38 [INFO]   Voltage: 3.852 V (target: 2.700 V)
2026-03-27 17:40:38 [INFO]   Current: 4.999 A
2026-03-27 17:40:38 [INFO]   Power: 19.32 W
2026-03-27 17:40:38 [INFO]   Device State (raw): 0x00005C83
2026-03-27 17:40:38 [INFO]   Output Enabled: YES
2026-03-27 17:40:38 [INFO] ==========================================================
2026-03-27 17:40:38 [ERROR] MODE SWITCHING DETECTED AFTER OUTPUT ENABLE!
2026-03-27 17:40:38 [ERROR]   Expected: CV mode, Actual: CC SINK mode
2026-03-27 17:40:38 [ERROR]   This is the root cause of the discharge failure!
2026-03-27 17:40:38 [INFO] Discharging...
2026-03-27 18:24:34 [WARN] DTB(slave 3) status callback timed out after 5008.4 ms
2026-03-27 18:24:34 [WARN] DTB(slave 3) status update timed out
2026-03-27 18:40:50 [INFO] Target voltage reached (2.699 V) and current below threshold (0.236 A < 0.250 A)
2026-03-27 18:40:50 [INFO] [PSB] Setting output: OFF
2026-03-27 18:40:50 [INFO] Discharge complete: 4790.61 mAh, 16.05 Wh in 60.2 minutes
2026-03-27 18:40:50 [INFO] Phase 2 discharge completed: 4790.61 mAh, 16.05 Wh in 60.2 minutes
2026-03-27 18:40:50 [INFO] Waiting 300 seconds for battery relaxation after discharge...
2026-03-27 18:46:23 [INFO] Phase 2 completed successfully
2026-03-27 18:46:23 [INFO] === PHASE 3: EIS Measurements During Charge ===
2026-03-27 18:46:23 [INFO] Performing initial EIS measurement at 0% SOC...
2026-03-27 18:46:23 [INFO] Switching to BioLogic...
2026-03-27 18:46:23 [INFO] [PSB] Setting output: OFF
2026-03-27 18:46:24 [INFO] Successfully switched to BioLogic
2026-03-27 18:46:24 [INFO] [BIO] EC-Lab data directory set to: c:\Users\CV166\Documents\LabWindowsCVI\BatteryApplication\battery-tester\data\BT32_baseline_20260327_145214\phase_3\eis_measurements
2026-03-27 18:46:24 [INFO] Starting relaxation EIS series at 0.0% SOC: measurement every 120s for 600s
2026-03-27 18:46:32 [INFO] Relaxation EIS #1 at 0.0% SOC (relaxation time: 0 s)
2026-03-27 18:46:32 [INFO] [BIO] Starting OCV measurement via EC-Lab
2026-03-27 18:46:32 [INFO] [BIO]   Settings: C:\Users\CV166\Documents\LabWindowsCVI\BatteryApplication\battery-tester\eclab_settings\ocv_default.mps
2026-03-27 18:46:32 [INFO] [BIO]   Output: c:\Users\CV166\Documents\LabWindowsCVI\BatteryApplication\battery-tester\data\BT32_baseline_20260327_145214\phase_3\eis_measurements\ocv_20260327_184632_C01.mpr
2026-03-27 18:46:32 [INFO] [BIO] Loading settings from: C:\Users\CV166\Documents\LabWindowsCVI\BatteryApplication\battery-tester\eclab_settings\ocv_default.mps
2026-03-27 18:46:32 [INFO] [BIO] Settings loaded successfully
2026-03-27 18:46:32 [INFO] [BIO] Starting measurement, output: c:\Users\CV166\Documents\LabWindowsCVI\BatteryApplication\battery-tester\data\BT32_baseline_20260327_145214\phase_3\eis_measurements\ocv_20260327_184632_C01.mpr
2026-03-27 18:46:32 [INFO] [BIO] Measurement started
2026-03-27 18:46:32 [INFO] [BIO] Monitoring measurement (timeout: 60000 ms)
2026-03-27 18:46:32 [INFO] [BIO] Status: 0, Technique: 11, Time: 71.3 s, Ewe: 2.7710 V, I: 0.0000 A
2026-03-27 18:46:35 [INFO] [BIO] Measurement started running
2026-03-27 18:46:37 [INFO] [BIO] Status: 1, Technique: 11, Time: 2.4 s, Ewe: 2.7720 V, I: 0.0000 A
2026-03-27 18:46:43 [INFO] [BIO] Status: 1, Technique: 11, Time: 7.7 s, Ewe: 2.7728 V, I: 0.0000 A
2026-03-27 18:46:45 [INFO] [BIO] Measurement completed (10.0 s, Ewe: 2.7729 V)
2026-03-27 18:46:46 [INFO] [BIO] Converting .mpr file to BIO_TechniqueData: c:\Users\CV166\Documents\LabWindowsCVI\BatteryApplication\battery-tester\data\BT32_baseline_20260327_145214\phase_3\eis_measurements\ocv_20260327_184632_C01.mpr
2026-03-27 18:46:46 [INFO] [BIO] Reading number of points from: c:\Users\CV166\Documents\LabWindowsCVI\BatteryApplication\battery-tester\data\BT32_baseline_20260327_145214\phase_3\eis_measurements\ocv_20260327_184632_C01.mpr
2026-03-27 18:46:46 [INFO] [BIO] File contains 10 data points
2026-03-27 18:46:46 [INFO] [BIO] Reading 10 data points from .mpr file
2026-03-27 18:46:46 [INFO] [BIO] Reading DC value at index 0 from: c:\Users\CV166\Documents\LabWindowsCVI\BatteryApplication\battery-tester\data\BT32_baseline_20260327_145214\phase_3\eis_measurements\ocv_20260327_184632_C01.mpr
2026-03-27 18:46:46 [INFO] [BIO] DC data: t=1.000 s, V=2.771924 V, I=0.000000 mA
2026-03-27 18:46:46 [INFO] [BIO] Reading DC value at index 1 from: c:\Users\CV166\Documents\LabWindowsCVI\BatteryApplication\battery-tester\data\BT32_baseline_20260327_145214\phase_3\eis_measurements\ocv_20260327_184632_C01.mpr
2026-03-27 18:46:46 [INFO] [BIO] DC data: t=2.000 s, V=2.772017 V, I=0.000000 mA
2026-03-27 18:46:46 [INFO] [BIO] Reading DC value at index 2 from: c:\Users\CV166\Documents\LabWindowsCVI\BatteryApplication\battery-tester\data\BT32_baseline_20260327_145214\phase_3\eis_measurements\ocv_20260327_184632_C01.mpr
2026-03-27 18:46:46 [INFO] [BIO] DC data: t=3.000 s, V=2.772107 V, I=0.000000 mA
2026-03-27 18:46:46 [INFO] [BIO] Reading DC value at index 3 from: c:\Users\CV166\Documents\LabWindowsCVI\BatteryApplication\battery-tester\data\BT32_baseline_20260327_145214\phase_3\eis_measurements\ocv_20260327_184632_C01.mpr
2026-03-27 18:46:46 [INFO] [BIO] DC data: t=4.000 s, V=2.772198 V, I=0.000000 mA
2026-03-27 18:46:47 [INFO] [BIO] Reading DC value at index 4 from: c:\Users\CV166\Documents\LabWindowsCVI\BatteryApplication\battery-tester\data\BT32_baseline_20260327_145214\phase_3\eis_measurements\ocv_20260327_184632_C01.mpr
2026-03-27 18:46:47 [INFO] [BIO] DC data: t=5.000 s, V=2.772291 V, I=0.000000 mA
2026-03-27 18:46:47 [INFO] [BIO] Reading DC value at index 5 from: c:\Users\CV166\Documents\LabWindowsCVI\BatteryApplication\battery-tester\data\BT32_baseline_20260327_145214\phase_3\eis_measurements\ocv_20260327_184632_C01.mpr
2026-03-27 18:46:47 [INFO] [BIO] DC data: t=6.000 s, V=2.772383 V, I=0.000000 mA
2026-03-27 18:46:47 [INFO] [BIO] Reading DC value at index 6 from: c:\Users\CV166\Documents\LabWindowsCVI\BatteryApplication\battery-tester\data\BT32_baseline_20260327_145214\phase_3\eis_measurements\ocv_20260327_184632_C01.mpr
2026-03-27 18:46:47 [INFO] [BIO] DC data: t=7.000 s, V=2.772478 V, I=0.000000 mA
2026-03-27 18:46:47 [INFO] [BIO] Reading DC value at index 7 from: c:\Users\CV166\Documents\LabWindowsCVI\BatteryApplication\battery-tester\data\BT32_baseline_20260327_145214\phase_3\eis_measurements\ocv_20260327_184632_C01.mpr
2026-03-27 18:46:47 [INFO] [BIO] DC data: t=8.000 s, V=2.772567 V, I=0.000000 mA
2026-03-27 18:46:47 [INFO] [BIO] Reading DC value at index 8 from: c:\Users\CV166\Documents\LabWindowsCVI\BatteryApplication\battery-tester\data\BT32_baseline_20260327_145214\phase_3\eis_measurements\ocv_20260327_184632_C01.mpr
2026-03-27 18:46:47 [INFO] [BIO] DC data: t=9.000 s, V=2.772658 V, I=0.000000 mA
2026-03-27 18:46:47 [INFO] [BIO] Reading DC value at index 9 from: c:\Users\CV166\Documents\LabWindowsCVI\BatteryApplication\battery-tester\data\BT32_baseline_20260327_145214\phase_3\eis_measurements\ocv_20260327_184632_C01.mpr
2026-03-27 18:46:47 [INFO] [BIO] DC data: t=10.000 s, V=2.772749 V, I=0.000000 mA
2026-03-27 18:46:47 [INFO] [BIO] Successfully converted 10 data points
2026-03-27 18:46:47 [INFO] [BIO] OCV measurement completed successfully
2026-03-27 18:46:47 [INFO] [BIO] Starting GEIS measurement via EC-Lab
2026-03-27 18:46:47 [INFO] [BIO]   Settings: C:\Users\CV166\Documents\LabWindowsCVI\BatteryApplication\battery-tester\eclab_settings\geis_default.mps
2026-03-27 18:46:47 [INFO] [BIO]   Output: c:\Users\CV166\Documents\LabWindowsCVI\BatteryApplication\battery-tester\data\BT32_baseline_20260327_145214\phase_3\eis_measurements\geis_20260327_184647_C01.mpr
2026-03-27 18:46:47 [INFO] [BIO] Loading settings from: C:\Users\CV166\Documents\LabWindowsCVI\BatteryApplication\battery-tester\eclab_settings\geis_default.mps
2026-03-27 18:46:47 [INFO] [BIO] Settings loaded successfully
2026-03-27 18:46:47 [INFO] [BIO] Starting measurement, output: c:\Users\CV166\Documents\LabWindowsCVI\BatteryApplication\battery-tester\data\BT32_baseline_20260327_145214\phase_3\eis_measurements\geis_20260327_184647_C01.mpr
2026-03-27 18:46:47 [INFO] [BIO] Measurement started
2026-03-27 18:46:47 [INFO] [BIO] Monitoring measurement (timeout: 300000 ms)
2026-03-27 18:46:47 [INFO] [BIO] Status: 0, Technique: 30, Time: 10.0 s, Ewe: 2.7727 V, I: 0.0000 A
2026-03-27 18:46:50 [INFO] [BIO] Measurement started running
2026-03-27 18:46:52 [INFO] [BIO] Status: 1, Technique: 30, Time: 2.4 s, Ewe: 2.7846 V, I: 497.5622 A
2026-03-27 18:46:58 [INFO] [BIO] Status: 1, Technique: 30, Time: 7.8 s, Ewe: 2.7861 V, I: 526.5408 A
2026-03-27 18:47:03 [INFO] [BIO] Status: 1, Technique: 30, Time: 13.3 s, Ewe: 2.7883 V, I: 426.7933 A
2026-03-27 18:47:08 [INFO] [BIO] Status: 1, Technique: 30, Time: 18.6 s, Ewe: 2.7607 V, I: -502.0483 A
2026-03-27 18:47:14 [INFO] [BIO] Status: 1, Technique: 30, Time: 24.0 s, Ewe: 2.7914 V, I: 278.1634 A
2026-03-27 18:47:19 [INFO] [BIO] Status: 1, Technique: 30, Time: 29.4 s, Ewe: 2.7876 V, I: 188.1453 A
2026-03-27 18:47:25 [INFO] [BIO] Status: 1, Technique: 30, Time: 34.7 s, Ewe: 2.7748 V, I: 20.5776 A
2026-03-27 18:47:30 [INFO] [BIO] Status: 1, Technique: 30, Time: 40.1 s, Ewe: 2.7760 V, I: -166.9765 A
2026-03-27 18:47:35 [INFO] [BIO] Status: 1, Technique: 30, Time: 45.6 s, Ewe: 2.7778 V, I: -38.6761 A
2026-03-27 18:47:41 [INFO] [BIO] Status: 1, Technique: 30, Time: 50.9 s, Ewe: 2.7826 V, I: 148.0772 A
2026-03-27 18:47:46 [INFO] [BIO] Status: 1, Technique: 30, Time: 56.4 s, Ewe: 2.7690 V, I: -327.6236 A
2026-03-27 18:47:52 [INFO] [BIO] Status: 1, Technique: 30, Time: 61.7 s, Ewe: 2.7751 V, I: -45.4950 A
2026-03-27 18:47:57 [INFO] [BIO] Status: 1, Technique: 30, Time: 67.1 s, Ewe: 2.7674 V, I: -209.8979 A
2026-03-27 18:48:02 [INFO] [BIO] Measurement completed (71.5 s, Ewe: 2.7784 V)
2026-03-27 18:48:03 [INFO] [BIO] Converting .mpr file to BIO_TechniqueData: c:\Users\CV166\Documents\LabWindowsCVI\BatteryApplication\battery-tester\data\BT32_baseline_20260327_145214\phase_3\eis_measurements\geis_20260327_184647_C01.mpr
2026-03-27 18:48:03 [INFO] [BIO] Reading number of points from: c:\Users\CV166\Documents\LabWindowsCVI\BatteryApplication\battery-tester\data\BT32_baseline_20260327_145214\phase_3\eis_measurements\geis_20260327_184647_C01.mpr
2026-03-27 18:48:03 [INFO] [BIO] File contains 30 data points
2026-03-27 18:48:03 [INFO] [BIO] Reading 30 data points from .mpr file
2026-03-27 18:48:03 [INFO] [BIO] Reading EIS value at index 0 from: c:\Users\CV166\Documents\LabWindowsCVI\BatteryApplication\battery-tester\data\BT32_baseline_20260327_145214\phase_3\eis_measurements\geis_20260327_184647_C01.mpr
2026-03-27 18:48:03 [INFO] [BIO] EIS data: t=1.124 s, f=10002.226 Hz, Re(Z)=0.037775 Ohm, -Im(Z)=-0.030491 Ohm
2026-03-27 18:48:03 [INFO] [BIO] Reading EIS value at index 1 from: c:\Users\CV166\Documents\LabWindowsCVI\BatteryApplication\battery-tester\data\BT32_baseline_20260327_145214\phase_3\eis_measurements\geis_20260327_184647_C01.mpr
2026-03-27 18:48:03 [INFO] [BIO] EIS data: t=2.021 s, f=6811.067 Hz, Re(Z)=0.037101 Ohm, -Im(Z)=-0.020915 Ohm
2026-03-27 18:48:03 [INFO] [BIO] Reading EIS value at index 2 from: c:\Users\CV166\Documents\LabWindowsCVI\BatteryApplication\battery-tester\data\BT32_baseline_20260327_145214\phase_3\eis_measurements\geis_20260327_184647_C01.mpr
2026-03-27 18:48:03 [INFO] [BIO] EIS data: t=3.152 s, f=4641.485 Hz, Re(Z)=0.036689 Ohm, -Im(Z)=-0.014303 Ohm
2026-03-27 18:48:03 [INFO] [BIO] Reading EIS value at index 3 from: c:\Users\CV166\Documents\LabWindowsCVI\BatteryApplication\battery-tester\data\BT32_baseline_20260327_145214\phase_3\eis_measurements\geis_20260327_184647_C01.mpr
2026-03-27 18:48:03 [INFO] [BIO] EIS data: t=4.284 s, f=3161.012 Hz, Re(Z)=0.036462 Ohm, -Im(Z)=-0.009578 Ohm
2026-03-27 18:48:03 [INFO] [BIO] Reading EIS value at index 4 from: c:\Users\CV166\Documents\LabWindowsCVI\BatteryApplication\battery-tester\data\BT32_baseline_20260327_145214\phase_3\eis_measurements\geis_20260327_184647_C01.mpr
2026-03-27 18:48:03 [INFO] [BIO] EIS data: t=5.416 s, f=2155.690 Hz, Re(Z)=0.036428 Ohm, -Im(Z)=-0.006308 Ohm
2026-03-27 18:48:03 [INFO] [BIO] Reading EIS value at index 5 from: c:\Users\CV166\Documents\LabWindowsCVI\BatteryApplication\battery-tester\data\BT32_baseline_20260327_145214\phase_3\eis_measurements\geis_20260327_184647_C01.mpr
2026-03-27 18:48:03 [INFO] [BIO] EIS data: t=6.548 s, f=1468.590 Hz, Re(Z)=0.036548 Ohm, -Im(Z)=-0.004012 Ohm
2026-03-27 18:48:03 [INFO] [BIO] Reading EIS value at index 6 from: c:\Users\CV166\Documents\LabWindowsCVI\BatteryApplication\battery-tester\data\BT32_baseline_20260327_145214\phase_3\eis_measurements\geis_20260327_184647_C01.mpr
2026-03-27 18:48:03 [INFO] [BIO] EIS data: t=7.680 s, f=1000.320 Hz, Re(Z)=0.036644 Ohm, -Im(Z)=-0.002389 Ohm
2026-03-27 18:48:03 [INFO] [BIO] Reading EIS value at index 7 from: c:\Users\CV166\Documents\LabWindowsCVI\BatteryApplication\battery-tester\data\BT32_baseline_20260327_145214\phase_3\eis_measurements\geis_20260327_184647_C01.mpr
2026-03-27 18:48:03 [INFO] [BIO] EIS data: t=8.810 s, f=681.090 Hz, Re(Z)=0.036927 Ohm, -Im(Z)=-0.001297 Ohm
2026-03-27 18:48:03 [INFO] [BIO] Reading EIS value at index 8 from: c:\Users\CV166\Documents\LabWindowsCVI\BatteryApplication\battery-tester\data\BT32_baseline_20260327_145214\phase_3\eis_measurements\geis_20260327_184647_C01.mpr
2026-03-27 18:48:03 [INFO] [BIO] EIS data: t=9.941 s, f=463.961 Hz, Re(Z)=0.037099 Ohm, -Im(Z)=-0.000486 Ohm
2026-03-27 18:48:03 [INFO] [BIO] Reading EIS value at index 9 from: c:\Users\CV166\Documents\LabWindowsCVI\BatteryApplication\battery-tester\data\BT32_baseline_20260327_145214\phase_3\eis_measurements\geis_20260327_184647_C01.mpr
2026-03-27 18:48:03 [INFO] [BIO] EIS data: t=11.067 s, f=316.316 Hz, Re(Z)=0.037376 Ohm, -Im(Z)=0.000080 Ohm
2026-03-27 18:48:03 [INFO] [BIO] Reading EIS value at index 10 from: c:\Users\CV166\Documents\LabWindowsCVI\BatteryApplication\battery-tester\data\BT32_baseline_20260327_145214\phase_3\eis_measurements\geis_20260327_184647_C01.mpr
2026-03-27 18:48:03 [INFO] [BIO] EIS data: t=12.198 s, f=215.345 Hz, Re(Z)=0.037646 Ohm, -Im(Z)=0.000483 Ohm
2026-03-27 18:48:03 [INFO] [BIO] Reading EIS value at index 11 from: c:\Users\CV166\Documents\LabWindowsCVI\BatteryApplication\battery-tester\data\BT32_baseline_20260327_145214\phase_3\eis_measurements\geis_20260327_184647_C01.mpr
2026-03-27 18:48:03 [INFO] [BIO] EIS data: t=13.318 s, f=146.737 Hz, Re(Z)=0.037933 Ohm, -Im(Z)=0.000811 Ohm
2026-03-27 18:48:03 [INFO] [BIO] Reading EIS value at index 12 from: c:\Users\CV166\Documents\LabWindowsCVI\BatteryApplication\battery-tester\data\BT32_baseline_20260327_145214\phase_3\eis_measurements\geis_20260327_184647_C01.mpr
2026-03-27 18:48:03 [INFO] [BIO] EIS data: t=14.449 s, f=100.032 Hz, Re(Z)=0.038274 Ohm, -Im(Z)=0.000940 Ohm
2026-03-27 18:48:03 [INFO] [BIO] Reading EIS value at index 13 from: c:\Users\CV166\Documents\LabWindowsCVI\BatteryApplication\battery-tester\data\BT32_baseline_20260327_145214\phase_3\eis_measurements\geis_20260327_184647_C01.mpr
2026-03-27 18:48:03 [INFO] [BIO] EIS data: t=15.608 s, f=68.104 Hz, Re(Z)=0.038597 Ohm, -Im(Z)=0.001111 Ohm
2026-03-27 18:48:03 [INFO] [BIO] Reading EIS value at index 14 from: c:\Users\CV166\Documents\LabWindowsCVI\BatteryApplication\battery-tester\data\BT32_baseline_20260327_145214\phase_3\eis_measurements\geis_20260327_184647_C01.mpr
2026-03-27 18:48:03 [INFO] [BIO] EIS data: t=16.708 s, f=46.442 Hz, Re(Z)=0.038899 Ohm, -Im(Z)=0.001214 Ohm
2026-03-27 18:48:03 [INFO] [BIO] Reading EIS value at index 15 from: c:\Users\CV166\Documents\LabWindowsCVI\BatteryApplication\battery-tester\data\BT32_baseline_20260327_145214\phase_3\eis_measurements\geis_20260327_184647_C01.mpr
2026-03-27 18:48:03 [INFO] [BIO] EIS data: t=17.789 s, f=31.630 Hz, Re(Z)=0.039210 Ohm, -Im(Z)=0.001343 Ohm
2026-03-27 18:48:03 [INFO] [BIO] Reading EIS value at index 16 from: c:\Users\CV166\Documents\LabWindowsCVI\BatteryApplication\battery-tester\data\BT32_baseline_20260327_145214\phase_3\eis_measurements\geis_20260327_184647_C01.mpr
2026-03-27 18:48:03 [INFO] [BIO] EIS data: t=18.849 s, f=21.552 Hz, Re(Z)=0.039541 Ohm, -Im(Z)=0.001446 Ohm
2026-03-27 18:48:03 [INFO] [BIO] Reading EIS value at index 17 from: c:\Users\CV166\Documents\LabWindowsCVI\BatteryApplication\battery-tester\data\BT32_baseline_20260327_145214\phase_3\eis_measurements\geis_20260327_184647_C01.mpr
2026-03-27 18:48:03 [INFO] [BIO] EIS data: t=20.001 s, f=14.685 Hz, Re(Z)=0.039857 Ohm, -Im(Z)=0.001613 Ohm
2026-03-27 18:48:03 [INFO] [BIO] Reading EIS value at index 18 from: c:\Users\CV166\Documents\LabWindowsCVI\BatteryApplication\battery-tester\data\BT32_baseline_20260327_145214\phase_3\eis_measurements\geis_20260327_184647_C01.mpr
2026-03-27 18:48:03 [INFO] [BIO] EIS data: t=71.405 s, f=9.973 Hz, Re(Z)=0.040260 Ohm, -Im(Z)=0.001756 Ohm
2026-03-27 18:48:03 [INFO] [BIO] Reading EIS value at index 19 from: c:\Users\CV166\Documents\LabWindowsCVI\BatteryApplication\battery-tester\data\BT32_baseline_20260327_145214\phase_3\eis_measurements\geis_20260327_184647_C01.mpr
2026-03-27 18:48:03 [INFO] [BIO] EIS data: t=71.406 s, f=6.782 Hz, Re(Z)=0.040687 Ohm, -Im(Z)=0.001973 Ohm
2026-03-27 18:48:03 [INFO] [BIO] Reading EIS value at index 20 from: c:\Users\CV166\Documents\LabWindowsCVI\BatteryApplication\battery-tester\data\BT32_baseline_20260327_145214\phase_3\eis_measurements\geis_20260327_184647_C01.mpr
2026-03-27 18:48:03 [INFO] [BIO] EIS data: t=71.407 s, f=4.687 Hz, Re(Z)=0.041143 Ohm, -Im(Z)=0.002159 Ohm
2026-03-27 18:48:03 [INFO] [BIO] Reading EIS value at index 21 from: c:\Users\CV166\Documents\LabWindowsCVI\BatteryApplication\battery-tester\data\BT32_baseline_20260327_145214\phase_3\eis_measurements\geis_20260327_184647_C01.mpr
2026-03-27 18:48:03 [INFO] [BIO] EIS data: t=71.408 s, f=3.191 Hz, Re(Z)=0.041664 Ohm, -Im(Z)=0.002377 Ohm
2026-03-27 18:48:03 [INFO] [BIO] Reading EIS value at index 22 from: c:\Users\CV166\Documents\LabWindowsCVI\BatteryApplication\battery-tester\data\BT32_baseline_20260327_145214\phase_3\eis_measurements\geis_20260327_184647_C01.mpr
2026-03-27 18:48:03 [INFO] [BIO] EIS data: t=71.409 s, f=2.194 Hz, Re(Z)=0.042155 Ohm, -Im(Z)=0.002608 Ohm
2026-03-27 18:48:03 [INFO] [BIO] Reading EIS value at index 23 from: c:\Users\CV166\Documents\LabWindowsCVI\BatteryApplication\battery-tester\data\BT32_baseline_20260327_145214\phase_3\eis_measurements\geis_20260327_184647_C01.mpr
2026-03-27 18:48:03 [INFO] [BIO] EIS data: t=71.410 s, f=1.496 Hz, Re(Z)=0.042741 Ohm, -Im(Z)=0.003051 Ohm
2026-03-27 18:48:03 [INFO] [BIO] Reading EIS value at index 24 from: c:\Users\CV166\Documents\LabWindowsCVI\BatteryApplication\battery-tester\data\BT32_baseline_20260327_145214\phase_3\eis_measurements\geis_20260327_184647_C01.mpr
2026-03-27 18:48:03 [INFO] [BIO] EIS data: t=71.411 s, f=0.997 Hz, Re(Z)=0.043798 Ohm, -Im(Z)=0.002949 Ohm
2026-03-27 18:48:03 [INFO] [BIO] Reading EIS value at index 25 from: c:\Users\CV166\Documents\LabWindowsCVI\BatteryApplication\battery-tester\data\BT32_baseline_20260327_145214\phase_3\eis_measurements\geis_20260327_184647_C01.mpr
2026-03-27 18:48:03 [INFO] [BIO] EIS data: t=71.412 s, f=0.698 Hz, Re(Z)=0.043757 Ohm, -Im(Z)=0.003552 Ohm
2026-03-27 18:48:03 [INFO] [BIO] Reading EIS value at index 26 from: c:\Users\CV166\Documents\LabWindowsCVI\BatteryApplication\battery-tester\data\BT32_baseline_20260327_145214\phase_3\eis_measurements\geis_20260327_184647_C01.mpr
2026-03-27 18:48:03 [INFO] [BIO] EIS data: t=71.413 s, f=0.499 Hz, Re(Z)=0.044310 Ohm, -Im(Z)=0.003546 Ohm
2026-03-27 18:48:03 [INFO] [BIO] Reading EIS value at index 27 from: c:\Users\CV166\Documents\LabWindowsCVI\BatteryApplication\battery-tester\data\BT32_baseline_20260327_145214\phase_3\eis_measurements\geis_20260327_184647_C01.mpr
2026-03-27 18:48:03 [INFO] [BIO] EIS data: t=71.414 s, f=0.299 Hz, Re(Z)=0.045217 Ohm, -Im(Z)=0.005633 Ohm
2026-03-27 18:48:03 [INFO] [BIO] Reading EIS value at index 28 from: c:\Users\CV166\Documents\LabWindowsCVI\BatteryApplication\battery-tester\data\BT32_baseline_20260327_145214\phase_3\eis_measurements\geis_20260327_184647_C01.mpr
2026-03-27 18:48:03 [INFO] [BIO] EIS data: t=71.415 s, f=0.199 Hz, Re(Z)=0.047007 Ohm, -Im(Z)=0.007403 Ohm
2026-03-27 18:48:03 [INFO] [BIO] Reading EIS value at index 29 from: c:\Users\CV166\Documents\LabWindowsCVI\BatteryApplication\battery-tester\data\BT32_baseline_20260327_145214\phase_3\eis_measurements\geis_20260327_184647_C01.mpr
2026-03-27 18:48:03 [INFO] [BIO] EIS data: t=71.416 s, f=0.100 Hz, Re(Z)=0.045759 Ohm, -Im(Z)=0.005351 Ohm
2026-03-27 18:48:03 [INFO] [BIO] Successfully converted 30 data points
2026-03-27 18:48:03 [INFO] [BIO] GEIS measurement completed successfully
2026-03-27 18:48:03 [INFO] Relaxation EIS #1 completed at 0.0% SOC (OCV: 2.77274919 V, relaxation: 0 s)
2026-03-27 18:48:31 [INFO] Relaxation EIS #2 at 0.0% SOC (relaxation time: 120 s)
2026-03-27 18:48:31 [INFO] [BIO] Starting OCV measurement via EC-Lab
2026-03-27 18:48:31 [INFO] [BIO]   Settings: C:\Users\CV166\Documents\LabWindowsCVI\BatteryApplication\battery-tester\eclab_settings\ocv_default.mps
2026-03-27 18:48:31 [INFO] [BIO]   Output: c:\Users\CV166\Documents\LabWindowsCVI\BatteryApplication\battery-tester\data\BT32_baseline_20260327_145214\phase_3\eis_measurements\ocv_20260327_184831_C01.mpr
2026-03-27 18:48:31 [INFO] [BIO] Loading settings from: C:\Users\CV166\Documents\LabWindowsCVI\BatteryApplication\battery-tester\eclab_settings\ocv_default.mps
2026-03-27 18:48:31 [INFO] [BIO] Settings loaded successfully
2026-03-27 18:48:31 [INFO] [BIO] Starting measurement, output: c:\Users\CV166\Documents\LabWindowsCVI\BatteryApplication\battery-tester\data\BT32_baseline_20260327_145214\phase_3\eis_measurements\ocv_20260327_184831_C01.mpr
2026-03-27 18:48:32 [INFO] [BIO] Measurement started
2026-03-27 18:48:32 [INFO] [BIO] Monitoring measurement (timeout: 60000 ms)
2026-03-27 18:48:32 [INFO] [BIO] Status: 0, Technique: 11, Time: 71.5 s, Ewe: 2.7811 V, I: 0.0000 A
2026-03-27 18:48:35 [INFO] [BIO] Measurement started running
2026-03-27 18:48:37 [INFO] [BIO] Status: 1, Technique: 11, Time: 2.4 s, Ewe: 2.7812 V, I: 0.0000 A
2026-03-27 18:48:42 [INFO] [BIO] Status: 1, Technique: 11, Time: 7.7 s, Ewe: 2.7817 V, I: 0.0000 A
2026-03-27 18:48:45 [INFO] [BIO] Measurement completed (10.0 s, Ewe: 2.7818 V)
2026-03-27 18:48:46 [INFO] [BIO] Converting .mpr file to BIO_TechniqueData: c:\Users\CV166\Documents\LabWindowsCVI\BatteryApplication\battery-tester\data\BT32_baseline_20260327_145214\phase_3\eis_measurements\ocv_20260327_184831_C01.mpr
2026-03-27 18:48:46 [INFO] [BIO] Reading number of points from: c:\Users\CV166\Documents\LabWindowsCVI\BatteryApplication\battery-tester\data\BT32_baseline_20260327_145214\phase_3\eis_measurements\ocv_20260327_184831_C01.mpr
2026-03-27 18:48:46 [INFO] [BIO] File contains 10 data points
2026-03-27 18:48:46 [INFO] [BIO] Reading 10 data points from .mpr file
2026-03-27 18:48:46 [INFO] [BIO] Reading DC value at index 0 from: c:\Users\CV166\Documents\LabWindowsCVI\BatteryApplication\battery-tester\data\BT32_baseline_20260327_145214\phase_3\eis_measurements\ocv_20260327_184831_C01.mpr
2026-03-27 18:48:46 [INFO] [BIO] DC data: t=1.000 s, V=2.781430 V, I=0.000000 mA
2026-03-27 18:48:46 [INFO] [BIO] Reading DC value at index 1 from: c:\Users\CV166\Documents\LabWindowsCVI\BatteryApplication\battery-tester\data\BT32_baseline_20260327_145214\phase_3\eis_measurements\ocv_20260327_184831_C01.mpr
2026-03-27 18:48:46 [INFO] [BIO] DC data: t=2.000 s, V=2.781422 V, I=0.000000 mA
2026-03-27 18:48:46 [INFO] [BIO] Reading DC value at index 2 from: c:\Users\CV166\Documents\LabWindowsCVI\BatteryApplication\battery-tester\data\BT32_baseline_20260327_145214\phase_3\eis_measurements\ocv_20260327_184831_C01.mpr
2026-03-27 18:48:46 [INFO] [BIO] DC data: t=3.000 s, V=2.781496 V, I=0.000000 mA
2026-03-27 18:48:46 [INFO] [BIO] Reading DC value at index 3 from: c:\Users\CV166\Documents\LabWindowsCVI\BatteryApplication\battery-tester\data\BT32_baseline_20260327_145214\phase_3\eis_measurements\ocv_20260327_184831_C01.mpr
2026-03-27 18:48:46 [INFO] [BIO] DC data: t=4.000 s, V=2.781563 V, I=0.000000 mA
2026-03-27 18:48:46 [INFO] [BIO] Reading DC value at index 4 from: c:\Users\CV166\Documents\LabWindowsCVI\BatteryApplication\battery-tester\data\BT32_baseline_20260327_145214\phase_3\eis_measurements\ocv_20260327_184831_C01.mpr
2026-03-27 18:48:46 [INFO] [BIO] DC data: t=5.000 s, V=2.781643 V, I=0.000000 mA
2026-03-27 18:48:46 [INFO] [BIO] Reading DC value at index 5 from: c:\Users\CV166\Documents\LabWindowsCVI\BatteryApplication\battery-tester\data\BT32_baseline_20260327_145214\phase_3\eis_measurements\ocv_20260327_184831_C01.mpr
2026-03-27 18:48:46 [INFO] [BIO] DC data: t=6.000 s, V=2.781720 V, I=0.000000 mA
2026-03-27 18:48:46 [INFO] [BIO] Reading DC value at index 6 from: c:\Users\CV166\Documents\LabWindowsCVI\BatteryApplication\battery-tester\data\BT32_baseline_20260327_145214\phase_3\eis_measurements\ocv_20260327_184831_C01.mpr
2026-03-27 18:48:46 [INFO] [BIO] DC data: t=7.000 s, V=2.781796 V, I=0.000000 mA
2026-03-27 18:48:46 [INFO] [BIO] Reading DC value at index 7 from: c:\Users\CV166\Documents\LabWindowsCVI\BatteryApplication\battery-tester\data\BT32_baseline_20260327_145214\phase_3\eis_measurements\ocv_20260327_184831_C01.mpr
2026-03-27 18:48:46 [INFO] [BIO] DC data: t=8.000 s, V=2.781877 V, I=0.000000 mA
2026-03-27 18:48:46 [INFO] [BIO] Reading DC value at index 8 from: c:\Users\CV166\Documents\LabWindowsCVI\BatteryApplication\battery-tester\data\BT32_baseline_20260327_145214\phase_3\eis_measurements\ocv_20260327_184831_C01.mpr
2026-03-27 18:48:46 [INFO] [BIO] DC data: t=9.000 s, V=2.781953 V, I=0.000000 mA
2026-03-27 18:48:46 [INFO] [BIO] Reading DC value at index 9 from: c:\Users\CV166\Documents\LabWindowsCVI\BatteryApplication\battery-tester\data\BT32_baseline_20260327_145214\phase_3\eis_measurements\ocv_20260327_184831_C01.mpr
2026-03-27 18:48:46 [INFO] [BIO] DC data: t=10.000 s, V=2.782035 V, I=0.000000 mA
2026-03-27 18:48:46 [INFO] [BIO] Successfully converted 10 data points
2026-03-27 18:48:46 [INFO] [BIO] OCV measurement completed successfully
2026-03-27 18:48:46 [INFO] [BIO] Starting GEIS measurement via EC-Lab
2026-03-27 18:48:46 [INFO] [BIO]   Settings: C:\Users\CV166\Documents\LabWindowsCVI\BatteryApplication\battery-tester\eclab_settings\geis_default.mps
2026-03-27 18:48:46 [INFO] [BIO]   Output: c:\Users\CV166\Documents\LabWindowsCVI\BatteryApplication\battery-tester\data\BT32_baseline_20260327_145214\phase_3\eis_measurements\geis_20260327_184846_C01.mpr
2026-03-27 18:48:46 [INFO] [BIO] Loading settings from: C:\Users\CV166\Documents\LabWindowsCVI\BatteryApplication\battery-tester\eclab_settings\geis_default.mps
2026-03-27 18:48:46 [INFO] [BIO] Settings loaded successfully
2026-03-27 18:48:46 [INFO] [BIO] Starting measurement, output: c:\Users\CV166\Documents\LabWindowsCVI\BatteryApplication\battery-tester\data\BT32_baseline_20260327_145214\phase_3\eis_measurements\geis_20260327_184846_C01.mpr
2026-03-27 18:48:46 [INFO] [BIO] Measurement started
2026-03-27 18:48:46 [INFO] [BIO] Monitoring measurement (timeout: 300000 ms)
2026-03-27 18:48:46 [INFO] [BIO] Status: 0, Technique: 30, Time: 10.0 s, Ewe: 2.7822 V, I: 0.0000 A
2026-03-27 18:48:50 [INFO] [BIO] Measurement started running
2026-03-27 18:48:52 [INFO] [BIO] Status: 1, Technique: 30, Time: 2.4 s, Ewe: 2.7716 V, I: -508.9879 A
2026-03-27 18:48:57 [INFO] [BIO] Status: 1, Technique: 30, Time: 7.8 s, Ewe: 2.7946 V, I: 475.5994 A
2026-03-27 18:49:03 [INFO] [BIO] Status: 1, Technique: 30, Time: 13.2 s, Ewe: 2.7752 V, I: -355.0961 A
2026-03-27 18:49:08 [INFO] [BIO] Status: 1, Technique: 30, Time: 18.6 s, Ewe: 2.7591 V, I: -472.6884 A
2026-03-27 18:49:13 [INFO] [BIO] Status: 1, Technique: 30, Time: 24.0 s, Ewe: 2.7987 V, I: 238.0445 A
2026-03-27 18:49:19 [INFO] [BIO] Status: 1, Technique: 30, Time: 29.3 s, Ewe: 2.7903 V, I: 153.1231 A
2026-03-27 18:49:24 [INFO] [BIO] Status: 1, Technique: 30, Time: 34.7 s, Ewe: 2.7861 V, I: -16.6371 A
2026-03-27 18:49:30 [INFO] [BIO] Status: 1, Technique: 30, Time: 40.2 s, Ewe: 2.7868 V, I: 87.2030 A
2026-03-27 18:49:35 [INFO] [BIO] Status: 1, Technique: 30, Time: 45.6 s, Ewe: 2.7871 V, I: -52.2122 A
2026-03-27 18:49:40 [INFO] [BIO] Status: 1, Technique: 30, Time: 51.0 s, Ewe: 2.7902 V, I: 95.1086 A
2026-03-27 18:49:46 [INFO] [BIO] Status: 1, Technique: 30, Time: 56.3 s, Ewe: 2.7900 V, I: -17.8636 A
2026-03-27 18:49:51 [INFO] [BIO] Status: 1, Technique: 30, Time: 61.8 s, Ewe: 2.7908 V, I: 97.7586 A
2026-03-27 18:49:57 [INFO] [BIO] Status: 1, Technique: 30, Time: 67.1 s, Ewe: 2.7740 V, I: -228.5052 A
2026-03-27 18:50:01 [INFO] [BIO] Measurement completed (71.5 s, Ewe: 2.7894 V)
2026-03-27 18:50:02 [INFO] [BIO] Converting .mpr file to BIO_TechniqueData: c:\Users\CV166\Documents\LabWindowsCVI\BatteryApplication\battery-tester\data\BT32_baseline_20260327_145214\phase_3\eis_measurements\geis_20260327_184846_C01.mpr
2026-03-27 18:50:02 [INFO] [BIO] Reading number of points from: c:\Users\CV166\Documents\LabWindowsCVI\BatteryApplication\battery-tester\data\BT32_baseline_20260327_145214\phase_3\eis_measurements\geis_20260327_184846_C01.mpr
2026-03-27 18:50:02 [INFO] [BIO] File contains 30 data points
2026-03-27 18:50:02 [INFO] [BIO] Reading 30 data points from .mpr file
2026-03-27 18:50:02 [INFO] [BIO] Reading EIS value at index 0 from: c:\Users\CV166\Documents\LabWindowsCVI\BatteryApplication\battery-tester\data\BT32_baseline_20260327_145214\phase_3\eis_measurements\geis_20260327_184846_C01.mpr
2026-03-27 18:50:02 [INFO] [BIO] EIS data: t=1.125 s, f=10002.226 Hz, Re(Z)=0.037762 Ohm, -Im(Z)=-0.030506 Ohm
2026-03-27 18:50:02 [INFO] [BIO] Reading EIS value at index 1 from: c:\Users\CV166\Documents\LabWindowsCVI\BatteryApplication\battery-tester\data\BT32_baseline_20260327_145214\phase_3\eis_measurements\geis_20260327_184846_C01.mpr
2026-03-27 18:50:02 [INFO] [BIO] EIS data: t=2.020 s, f=6811.067 Hz, Re(Z)=0.037100 Ohm, -Im(Z)=-0.020953 Ohm
2026-03-27 18:50:02 [INFO] [BIO] Reading EIS value at index 2 from: c:\Users\CV166\Documents\LabWindowsCVI\BatteryApplication\battery-tester\data\BT32_baseline_20260327_145214\phase_3\eis_measurements\geis_20260327_184846_C01.mpr
2026-03-27 18:50:02 [INFO] [BIO] EIS data: t=3.151 s, f=4641.485 Hz, Re(Z)=0.036661 Ohm, -Im(Z)=-0.014238 Ohm
2026-03-27 18:50:02 [INFO] [BIO] Reading EIS value at index 3 from: c:\Users\CV166\Documents\LabWindowsCVI\BatteryApplication\battery-tester\data\BT32_baseline_20260327_145214\phase_3\eis_measurements\geis_20260327_184846_C01.mpr
2026-03-27 18:50:02 [INFO] [BIO] EIS data: t=4.283 s, f=3161.012 Hz, Re(Z)=0.036481 Ohm, -Im(Z)=-0.009626 Ohm
2026-03-27 18:50:02 [INFO] [BIO] Reading EIS value at index 4 from: c:\Users\CV166\Documents\LabWindowsCVI\BatteryApplication\battery-tester\data\BT32_baseline_20260327_145214\phase_3\eis_measurements\geis_20260327_184846_C01.mpr
2026-03-27 18:50:02 [INFO] [BIO] EIS data: t=5.415 s, f=2155.690 Hz, Re(Z)=0.036428 Ohm, -Im(Z)=-0.006315 Ohm
2026-03-27 18:50:02 [INFO] [BIO] Reading EIS value at index 5 from: c:\Users\CV166\Documents\LabWindowsCVI\BatteryApplication\battery-tester\data\BT32_baseline_20260327_145214\phase_3\eis_measurements\geis_20260327_184846_C01.mpr
2026-03-27 18:50:02 [INFO] [BIO] EIS data: t=6.547 s, f=1468.590 Hz, Re(Z)=0.036517 Ohm, -Im(Z)=-0.004000 Ohm
2026-03-27 18:50:02 [INFO] [BIO] Reading EIS value at index 6 from: c:\Users\CV166\Documents\LabWindowsCVI\BatteryApplication\battery-tester\data\BT32_baseline_20260327_145214\phase_3\eis_measurements\geis_20260327_184846_C01.mpr
2026-03-27 18:50:02 [INFO] [BIO] EIS data: t=7.679 s, f=1000.320 Hz, Re(Z)=0.036654 Ohm, -Im(Z)=-0.002376 Ohm
2026-03-27 18:50:02 [INFO] [BIO] Reading EIS value at index 7 from: c:\Users\CV166\Documents\LabWindowsCVI\BatteryApplication\battery-tester\data\BT32_baseline_20260327_145214\phase_3\eis_measurements\geis_20260327_184846_C01.mpr
2026-03-27 18:50:02 [INFO] [BIO] EIS data: t=8.809 s, f=681.090 Hz, Re(Z)=0.036861 Ohm, -Im(Z)=-0.001287 Ohm
2026-03-27 18:50:02 [INFO] [BIO] Reading EIS value at index 8 from: c:\Users\CV166\Documents\LabWindowsCVI\BatteryApplication\battery-tester\data\BT32_baseline_20260327_145214\phase_3\eis_measurements\geis_20260327_184846_C01.mpr
2026-03-27 18:50:02 [INFO] [BIO] EIS data: t=9.941 s, f=463.961 Hz, Re(Z)=0.037085 Ohm, -Im(Z)=-0.000512 Ohm
2026-03-27 18:50:02 [INFO] [BIO] Reading EIS value at index 9 from: c:\Users\CV166\Documents\LabWindowsCVI\BatteryApplication\battery-tester\data\BT32_baseline_20260327_145214\phase_3\eis_measurements\geis_20260327_184846_C01.mpr
2026-03-27 18:50:02 [INFO] [BIO] EIS data: t=11.067 s, f=316.316 Hz, Re(Z)=0.037351 Ohm, -Im(Z)=0.000098 Ohm
2026-03-27 18:50:02 [INFO] [BIO] Reading EIS value at index 10 from: c:\Users\CV166\Documents\LabWindowsCVI\BatteryApplication\battery-tester\data\BT32_baseline_20260327_145214\phase_3\eis_measurements\geis_20260327_184846_C01.mpr
2026-03-27 18:50:02 [INFO] [BIO] EIS data: t=12.198 s, f=215.345 Hz, Re(Z)=0.037651 Ohm, -Im(Z)=0.000476 Ohm
2026-03-27 18:50:02 [INFO] [BIO] Reading EIS value at index 11 from: c:\Users\CV166\Documents\LabWindowsCVI\BatteryApplication\battery-tester\data\BT32_baseline_20260327_145214\phase_3\eis_measurements\geis_20260327_184846_C01.mpr
2026-03-27 18:50:02 [INFO] [BIO] EIS data: t=13.318 s, f=146.737 Hz, Re(Z)=0.037943 Ohm, -Im(Z)=0.000746 Ohm
2026-03-27 18:50:02 [INFO] [BIO] Reading EIS value at index 12 from: c:\Users\CV166\Documents\LabWindowsCVI\BatteryApplication\battery-tester\data\BT32_baseline_20260327_145214\phase_3\eis_measurements\geis_20260327_184846_C01.mpr
2026-03-27 18:50:02 [INFO] [BIO] EIS data: t=14.449 s, f=100.032 Hz, Re(Z)=0.038297 Ohm, -Im(Z)=0.000960 Ohm
2026-03-27 18:50:02 [INFO] [BIO] Reading EIS value at index 13 from: c:\Users\CV166\Documents\LabWindowsCVI\BatteryApplication\battery-tester\data\BT32_baseline_20260327_145214\phase_3\eis_measurements\geis_20260327_184846_C01.mpr
2026-03-27 18:50:02 [INFO] [BIO] EIS data: t=15.608 s, f=68.104 Hz, Re(Z)=0.038565 Ohm, -Im(Z)=0.001107 Ohm
2026-03-27 18:50:02 [INFO] [BIO] Reading EIS value at index 14 from: c:\Users\CV166\Documents\LabWindowsCVI\BatteryApplication\battery-tester\data\BT32_baseline_20260327_145214\phase_3\eis_measurements\geis_20260327_184846_C01.mpr
2026-03-27 18:50:02 [INFO] [BIO] EIS data: t=16.708 s, f=46.442 Hz, Re(Z)=0.038913 Ohm, -Im(Z)=0.001184 Ohm
2026-03-27 18:50:02 [INFO] [BIO] Reading EIS value at index 15 from: c:\Users\CV166\Documents\LabWindowsCVI\BatteryApplication\battery-tester\data\BT32_baseline_20260327_145214\phase_3\eis_measurements\geis_20260327_184846_C01.mpr
2026-03-27 18:50:02 [INFO] [BIO] EIS data: t=17.789 s, f=31.630 Hz, Re(Z)=0.039207 Ohm, -Im(Z)=0.001311 Ohm
2026-03-27 18:50:02 [INFO] [BIO] Reading EIS value at index 16 from: c:\Users\CV166\Documents\LabWindowsCVI\BatteryApplication\battery-tester\data\BT32_baseline_20260327_145214\phase_3\eis_measurements\geis_20260327_184846_C01.mpr
2026-03-27 18:50:02 [INFO] [BIO] EIS data: t=18.849 s, f=21.552 Hz, Re(Z)=0.039526 Ohm, -Im(Z)=0.001432 Ohm
2026-03-27 18:50:02 [INFO] [BIO] Reading EIS value at index 17 from: c:\Users\CV166\Documents\LabWindowsCVI\BatteryApplication\battery-tester\data\BT32_baseline_20260327_145214\phase_3\eis_measurements\geis_20260327_184846_C01.mpr
2026-03-27 18:50:02 [INFO] [BIO] EIS data: t=20.001 s, f=14.685 Hz, Re(Z)=0.039869 Ohm, -Im(Z)=0.001569 Ohm
2026-03-27 18:50:02 [INFO] [BIO] Reading EIS value at index 18 from: c:\Users\CV166\Documents\LabWindowsCVI\BatteryApplication\battery-tester\data\BT32_baseline_20260327_145214\phase_3\eis_measurements\geis_20260327_184846_C01.mpr
2026-03-27 18:50:02 [INFO] [BIO] EIS data: t=71.405 s, f=9.973 Hz, Re(Z)=0.040255 Ohm, -Im(Z)=0.001737 Ohm
2026-03-27 18:50:02 [INFO] [BIO] Reading EIS value at index 19 from: c:\Users\CV166\Documents\LabWindowsCVI\BatteryApplication\battery-tester\data\BT32_baseline_20260327_145214\phase_3\eis_measurements\geis_20260327_184846_C01.mpr
2026-03-27 18:50:02 [INFO] [BIO] EIS data: t=71.405 s, f=6.782 Hz, Re(Z)=0.040677 Ohm, -Im(Z)=0.001943 Ohm
2026-03-27 18:50:02 [INFO] [BIO] Reading EIS value at index 20 from: c:\Users\CV166\Documents\LabWindowsCVI\BatteryApplication\battery-tester\data\BT32_baseline_20260327_145214\phase_3\eis_measurements\geis_20260327_184846_C01.mpr
2026-03-27 18:50:02 [INFO] [BIO] EIS data: t=71.405 s, f=4.687 Hz, Re(Z)=0.041132 Ohm, -Im(Z)=0.002134 Ohm
2026-03-27 18:50:02 [INFO] [BIO] Reading EIS value at index 21 from: c:\Users\CV166\Documents\LabWindowsCVI\BatteryApplication\battery-tester\data\BT32_baseline_20260327_145214\phase_3\eis_measurements\geis_20260327_184846_C01.mpr
2026-03-27 18:50:02 [INFO] [BIO] EIS data: t=71.406 s, f=3.191 Hz, Re(Z)=0.041650 Ohm, -Im(Z)=0.002333 Ohm
2026-03-27 18:50:02 [INFO] [BIO] Reading EIS value at index 22 from: c:\Users\CV166\Documents\LabWindowsCVI\BatteryApplication\battery-tester\data\BT32_baseline_20260327_145214\phase_3\eis_measurements\geis_20260327_184846_C01.mpr
2026-03-27 18:50:02 [INFO] [BIO] EIS data: t=71.406 s, f=2.194 Hz, Re(Z)=0.042145 Ohm, -Im(Z)=0.002561 Ohm
2026-03-27 18:50:02 [INFO] [BIO] Reading EIS value at index 23 from: c:\Users\CV166\Documents\LabWindowsCVI\BatteryApplication\battery-tester\data\BT32_baseline_20260327_145214\phase_3\eis_measurements\geis_20260327_184846_C01.mpr
2026-03-27 18:50:02 [INFO] [BIO] EIS data: t=71.406 s, f=1.496 Hz, Re(Z)=0.042714 Ohm, -Im(Z)=0.002971 Ohm
2026-03-27 18:50:02 [INFO] [BIO] Reading EIS value at index 24 from: c:\Users\CV166\Documents\LabWindowsCVI\BatteryApplication\battery-tester\data\BT32_baseline_20260327_145214\phase_3\eis_measurements\geis_20260327_184846_C01.mpr
2026-03-27 18:50:02 [INFO] [BIO] EIS data: t=71.407 s, f=0.997 Hz, Re(Z)=0.043721 Ohm, -Im(Z)=0.002914 Ohm
2026-03-27 18:50:02 [INFO] [BIO] Reading EIS value at index 25 from: c:\Users\CV166\Documents\LabWindowsCVI\BatteryApplication\battery-tester\data\BT32_baseline_20260327_145214\phase_3\eis_measurements\geis_20260327_184846_C01.mpr
2026-03-27 18:50:02 [INFO] [BIO] EIS data: t=71.407 s, f=0.698 Hz, Re(Z)=0.043748 Ohm, -Im(Z)=0.003473 Ohm
2026-03-27 18:50:02 [INFO] [BIO] Reading EIS value at index 26 from: c:\Users\CV166\Documents\LabWindowsCVI\BatteryApplication\battery-tester\data\BT32_baseline_20260327_145214\phase_3\eis_measurements\geis_20260327_184846_C01.mpr
2026-03-27 18:50:02 [INFO] [BIO] EIS data: t=71.407 s, f=0.499 Hz, Re(Z)=0.044290 Ohm, -Im(Z)=0.003514 Ohm
2026-03-27 18:50:02 [INFO] [BIO] Reading EIS value at index 27 from: c:\Users\CV166\Documents\LabWindowsCVI\BatteryApplication\battery-tester\data\BT32_baseline_20260327_145214\phase_3\eis_measurements\geis_20260327_184846_C01.mpr
2026-03-27 18:50:02 [INFO] [BIO] EIS data: t=71.407 s, f=0.299 Hz, Re(Z)=0.045213 Ohm, -Im(Z)=0.005391 Ohm
2026-03-27 18:50:02 [INFO] [BIO] Reading EIS value at index 28 from: c:\Users\CV166\Documents\LabWindowsCVI\BatteryApplication\battery-tester\data\BT32_baseline_20260327_145214\phase_3\eis_measurements\geis_20260327_184846_C01.mpr
2026-03-27 18:50:02 [INFO] [BIO] EIS data: t=71.408 s, f=0.199 Hz, Re(Z)=0.046844 Ohm, -Im(Z)=0.007025 Ohm
2026-03-27 18:50:02 [INFO] [BIO] Reading EIS value at index 29 from: c:\Users\CV166\Documents\LabWindowsCVI\BatteryApplication\battery-tester\data\BT32_baseline_20260327_145214\phase_3\eis_measurements\geis_20260327_184846_C01.mpr
2026-03-27 18:50:02 [INFO] [BIO] EIS data: t=71.408 s, f=0.100 Hz, Re(Z)=0.045963 Ohm, -Im(Z)=0.005494 Ohm
2026-03-27 18:50:02 [INFO] [BIO] Successfully converted 30 data points
2026-03-27 18:50:02 [INFO] [BIO] GEIS measurement completed successfully
2026-03-27 18:50:02 [INFO] Relaxation EIS #2 completed at 0.0% SOC (OCV: 2.78203464 V, relaxation: 120 s)
2026-03-27 18:50:31 [INFO] Relaxation EIS #3 at 0.0% SOC (relaxation time: 240 s)
2026-03-27 18:50:31 [INFO] [BIO] Starting OCV measurement via EC-Lab
2026-03-27 18:50:31 [INFO] [BIO]   Settings: C:\Users\CV166\Documents\LabWindowsCVI\BatteryApplication\battery-tester\eclab_settings\ocv_default.mps
2026-03-27 18:50:31 [INFO] [BIO]   Output: c:\Users\CV166\Documents\LabWindowsCVI\BatteryApplication\battery-tester\data\BT32_baseline_20260327_145214\phase_3\eis_measurements\ocv_20260327_185031_C01.mpr
2026-03-27 18:50:31 [INFO] [BIO] Loading settings from: C:\Users\CV166\Documents\LabWindowsCVI\BatteryApplication\battery-tester\eclab_settings\ocv_default.mps
2026-03-27 18:50:31 [INFO] [BIO] Settings loaded successfully
2026-03-27 18:50:31 [INFO] [BIO] Starting measurement, output: c:\Users\CV166\Documents\LabWindowsCVI\BatteryApplication\battery-tester\data\BT32_baseline_20260327_145214\phase_3\eis_measurements\ocv_20260327_185031_C01.mpr
2026-03-27 18:50:31 [INFO] [BIO] Measurement started
2026-03-27 18:50:31 [INFO] [BIO] Monitoring measurement (timeout: 60000 ms)
2026-03-27 18:50:31 [INFO] [BIO] Status: 0, Technique: 11, Time: 71.5 s, Ewe: 2.7895 V, I: 0.0000 A
2026-03-27 18:50:34 [INFO] [BIO] Measurement started running
2026-03-27 18:50:37 [INFO] [BIO] Status: 1, Technique: 11, Time: 2.5 s, Ewe: 2.7899 V, I: 0.0000 A
2026-03-27 18:50:42 [INFO] [BIO] Status: 1, Technique: 11, Time: 7.9 s, Ewe: 2.7904 V, I: 0.0000 A
2026-03-27 18:50:44 [INFO] [BIO] Measurement completed (10.0 s, Ewe: 2.7905 V)
2026-03-27 18:50:45 [INFO] [BIO] Converting .mpr file to BIO_TechniqueData: c:\Users\CV166\Documents\LabWindowsCVI\BatteryApplication\battery-tester\data\BT32_baseline_20260327_145214\phase_3\eis_measurements\ocv_20260327_185031_C01.mpr
2026-03-27 18:50:45 [INFO] [BIO] Reading number of points from: c:\Users\CV166\Documents\LabWindowsCVI\BatteryApplication\battery-tester\data\BT32_baseline_20260327_145214\phase_3\eis_measurements\ocv_20260327_185031_C01.mpr
2026-03-27 18:50:45 [INFO] [BIO] File contains 10 data points
2026-03-27 18:50:45 [INFO] [BIO] Reading 10 data points from .mpr file
2026-03-27 18:50:45 [INFO] [BIO] Reading DC value at index 0 from: c:\Users\CV166\Documents\LabWindowsCVI\BatteryApplication\battery-tester\data\BT32_baseline_20260327_145214\phase_3\eis_measurements\ocv_20260327_185031_C01.mpr
2026-03-27 18:50:45 [INFO] [BIO] DC data: t=1.000 s, V=2.790024 V, I=0.000000 mA
2026-03-27 18:50:45 [INFO] [BIO] Reading DC value at index 1 from: c:\Users\CV166\Documents\LabWindowsCVI\BatteryApplication\battery-tester\data\BT32_baseline_20260327_145214\phase_3\eis_measurements\ocv_20260327_185031_C01.mpr
2026-03-27 18:50:45 [INFO] [BIO] DC data: t=2.000 s, V=2.789829 V, I=0.000000 mA
2026-03-27 18:50:45 [INFO] [BIO] Reading DC value at index 2 from: c:\Users\CV166\Documents\LabWindowsCVI\BatteryApplication\battery-tester\data\BT32_baseline_20260327_145214\phase_3\eis_measurements\ocv_20260327_185031_C01.mpr
2026-03-27 18:50:45 [INFO] [BIO] DC data: t=3.000 s, V=2.789898 V, I=0.000000 mA
2026-03-27 18:50:45 [INFO] [BIO] Reading DC value at index 3 from: c:\Users\CV166\Documents\LabWindowsCVI\BatteryApplication\battery-tester\data\BT32_baseline_20260327_145214\phase_3\eis_measurements\ocv_20260327_185031_C01.mpr
2026-03-27 18:50:45 [INFO] [BIO] DC data: t=4.000 s, V=2.789954 V, I=0.000000 mA
2026-03-27 18:50:45 [INFO] [BIO] Reading DC value at index 4 from: c:\Users\CV166\Documents\LabWindowsCVI\BatteryApplication\battery-tester\data\BT32_baseline_20260327_145214\phase_3\eis_measurements\ocv_20260327_185031_C01.mpr
2026-03-27 18:50:45 [INFO] [BIO] DC data: t=5.000 s, V=2.790019 V, I=0.000000 mA
2026-03-27 18:50:45 [INFO] [BIO] Reading DC value at index 5 from: c:\Users\CV166\Documents\LabWindowsCVI\BatteryApplication\battery-tester\data\BT32_baseline_20260327_145214\phase_3\eis_measurements\ocv_20260327_185031_C01.mpr
2026-03-27 18:50:45 [INFO] [BIO] DC data: t=6.000 s, V=2.790084 V, I=0.000000 mA
2026-03-27 18:50:45 [INFO] [BIO] Reading DC value at index 6 from: c:\Users\CV166\Documents\LabWindowsCVI\BatteryApplication\battery-tester\data\BT32_baseline_20260327_145214\phase_3\eis_measurements\ocv_20260327_185031_C01.mpr
2026-03-27 18:50:45 [INFO] [BIO] DC data: t=7.000 s, V=2.790150 V, I=0.000000 mA
2026-03-27 18:50:45 [INFO] [BIO] Reading DC value at index 7 from: c:\Users\CV166\Documents\LabWindowsCVI\BatteryApplication\battery-tester\data\BT32_baseline_20260327_145214\phase_3\eis_measurements\ocv_20260327_185031_C01.mpr
2026-03-27 18:50:45 [INFO] [BIO] DC data: t=8.000 s, V=2.790220 V, I=0.000000 mA
2026-03-27 18:50:45 [INFO] [BIO] Reading DC value at index 8 from: c:\Users\CV166\Documents\LabWindowsCVI\BatteryApplication\battery-tester\data\BT32_baseline_20260327_145214\phase_3\eis_measurements\ocv_20260327_185031_C01.mpr
2026-03-27 18:50:45 [INFO] [BIO] DC data: t=9.000 s, V=2.790286 V, I=0.000000 mA
2026-03-27 18:50:45 [INFO] [BIO] Reading DC value at index 9 from: c:\Users\CV166\Documents\LabWindowsCVI\BatteryApplication\battery-tester\data\BT32_baseline_20260327_145214\phase_3\eis_measurements\ocv_20260327_185031_C01.mpr
2026-03-27 18:50:45 [INFO] [BIO] DC data: t=10.000 s, V=2.790354 V, I=0.000000 mA
2026-03-27 18:50:45 [INFO] [BIO] Successfully converted 10 data points
2026-03-27 18:50:45 [INFO] [BIO] OCV measurement completed successfully
2026-03-27 18:50:45 [INFO] [BIO] Starting GEIS measurement via EC-Lab
2026-03-27 18:50:45 [INFO] [BIO]   Settings: C:\Users\CV166\Documents\LabWindowsCVI\BatteryApplication\battery-tester\eclab_settings\geis_default.mps
2026-03-27 18:50:45 [INFO] [BIO]   Output: c:\Users\CV166\Documents\LabWindowsCVI\BatteryApplication\battery-tester\data\BT32_baseline_20260327_145214\phase_3\eis_measurements\geis_20260327_185045_C01.mpr
2026-03-27 18:50:45 [INFO] [BIO] Loading settings from: C:\Users\CV166\Documents\LabWindowsCVI\BatteryApplication\battery-tester\eclab_settings\geis_default.mps
2026-03-27 18:50:46 [INFO] [BIO] Settings loaded successfully
2026-03-27 18:50:46 [INFO] [BIO] Starting measurement, output: c:\Users\CV166\Documents\LabWindowsCVI\BatteryApplication\battery-tester\data\BT32_baseline_20260327_145214\phase_3\eis_measurements\geis_20260327_185045_C01.mpr
2026-03-27 18:50:46 [INFO] [BIO] Measurement started
2026-03-27 18:50:46 [INFO] [BIO] Monitoring measurement (timeout: 300000 ms)
2026-03-27 18:50:46 [INFO] [BIO] Status: 0, Technique: 30, Time: 10.0 s, Ewe: 2.7904 V, I: 0.0000 A
2026-03-27 18:50:49 [INFO] [BIO] Measurement started running
2026-03-27 18:50:51 [INFO] [BIO] Status: 1, Technique: 30, Time: 2.5 s, Ewe: 2.8115 V, I: 469.1173 A
2026-03-27 18:50:56 [INFO] [BIO] Status: 1, Technique: 30, Time: 7.8 s, Ewe: 2.8092 V, I: 508.3911 A
2026-03-27 18:51:02 [INFO] [BIO] Status: 1, Technique: 30, Time: 13.3 s, Ewe: 2.8058 V, I: 525.0919 A
2026-03-27 18:51:07 [INFO] [BIO] Status: 1, Technique: 30, Time: 18.7 s, Ewe: 2.7672 V, I: -383.6172 A
2026-03-27 18:51:13 [INFO] [BIO] Status: 1, Technique: 30, Time: 24.1 s, Ewe: 2.8030 V, I: 264.4494 A
2026-03-27 18:51:18 [INFO] [BIO] Status: 1, Technique: 30, Time: 29.4 s, Ewe: 2.8036 V, I: 214.4104 A
2026-03-27 18:51:23 [INFO] [BIO] Status: 1, Technique: 30, Time: 34.8 s, Ewe: 2.7906 V, I: -168.5080 A
2026-03-27 18:51:29 [INFO] [BIO] Status: 1, Technique: 30, Time: 40.1 s, Ewe: 2.7884 V, I: -82.1822 A
2026-03-27 18:51:34 [INFO] [BIO] Status: 1, Technique: 30, Time: 45.6 s, Ewe: 2.7938 V, I: -17.7047 A
2026-03-27 18:51:40 [INFO] [BIO] Status: 1, Technique: 30, Time: 50.9 s, Ewe: 2.7951 V, I: 126.4386 A
2026-03-27 18:51:45 [INFO] [BIO] Status: 1, Technique: 30, Time: 56.3 s, Ewe: 2.7991 V, I: 162.1599 A
2026-03-27 18:51:50 [INFO] [BIO] Status: 1, Technique: 30, Time: 61.6 s, Ewe: 2.8042 V, I: 130.0037 A
2026-03-27 18:51:56 [INFO] [BIO] Status: 1, Technique: 30, Time: 67.1 s, Ewe: 2.7854 V, I: -236.1757 A
2026-03-27 18:52:01 [INFO] [BIO] Measurement completed (71.4 s, Ewe: 2.7946 V)
2026-03-27 18:52:02 [INFO] [BIO] Converting .mpr file to BIO_TechniqueData: c:\Users\CV166\Documents\LabWindowsCVI\BatteryApplication\battery-tester\data\BT32_baseline_20260327_145214\phase_3\eis_measurements\geis_20260327_185045_C01.mpr
2026-03-27 18:52:02 [INFO] [BIO] Reading number of points from: c:\Users\CV166\Documents\LabWindowsCVI\BatteryApplication\battery-tester\data\BT32_baseline_20260327_145214\phase_3\eis_measurements\geis_20260327_185045_C01.mpr
2026-03-27 18:52:02 [INFO] [BIO] File contains 30 data points
2026-03-27 18:52:02 [INFO] [BIO] Reading 30 data points from .mpr file
2026-03-27 18:52:02 [INFO] [BIO] Reading EIS value at index 0 from: c:\Users\CV166\Documents\LabWindowsCVI\BatteryApplication\battery-tester\data\BT32_baseline_20260327_145214\phase_3\eis_measurements\geis_20260327_185045_C01.mpr
2026-03-27 18:52:02 [INFO] [BIO] EIS data: t=1.124 s, f=10002.226 Hz, Re(Z)=0.037793 Ohm, -Im(Z)=-0.030446 Ohm
2026-03-27 18:52:02 [INFO] [BIO] Reading EIS value at index 1 from: c:\Users\CV166\Documents\LabWindowsCVI\BatteryApplication\battery-tester\data\BT32_baseline_20260327_145214\phase_3\eis_measurements\geis_20260327_185045_C01.mpr
2026-03-27 18:52:02 [INFO] [BIO] EIS data: t=2.020 s, f=6811.067 Hz, Re(Z)=0.037056 Ohm, -Im(Z)=-0.020903 Ohm
2026-03-27 18:52:02 [INFO] [BIO] Reading EIS value at index 2 from: c:\Users\CV166\Documents\LabWindowsCVI\BatteryApplication\battery-tester\data\BT32_baseline_20260327_145214\phase_3\eis_measurements\geis_20260327_185045_C01.mpr
2026-03-27 18:52:02 [INFO] [BIO] EIS data: t=3.151 s, f=4641.485 Hz, Re(Z)=0.036690 Ohm, -Im(Z)=-0.014371 Ohm
2026-03-27 18:52:02 [INFO] [BIO] Reading EIS value at index 3 from: c:\Users\CV166\Documents\LabWindowsCVI\BatteryApplication\battery-tester\data\BT32_baseline_20260327_145214\phase_3\eis_measurements\geis_20260327_185045_C01.mpr
2026-03-27 18:52:02 [INFO] [BIO] EIS data: t=4.283 s, f=3161.012 Hz, Re(Z)=0.036502 Ohm, -Im(Z)=-0.009610 Ohm
2026-03-27 18:52:02 [INFO] [BIO] Reading EIS value at index 4 from: c:\Users\CV166\Documents\LabWindowsCVI\BatteryApplication\battery-tester\data\BT32_baseline_20260327_145214\phase_3\eis_measurements\geis_20260327_185045_C01.mpr
2026-03-27 18:52:02 [INFO] [BIO] EIS data: t=5.415 s, f=2155.690 Hz, Re(Z)=0.036431 Ohm, -Im(Z)=-0.006293 Ohm
2026-03-27 18:52:02 [INFO] [BIO] Reading EIS value at index 5 from: c:\Users\CV166\Documents\LabWindowsCVI\BatteryApplication\battery-tester\data\BT32_baseline_20260327_145214\phase_3\eis_measurements\geis_20260327_185045_C01.mpr
2026-03-27 18:52:02 [INFO] [BIO] EIS data: t=6.547 s, f=1468.590 Hz, Re(Z)=0.036507 Ohm, -Im(Z)=-0.004021 Ohm
2026-03-27 18:52:02 [INFO] [BIO] Reading EIS value at index 6 from: c:\Users\CV166\Documents\LabWindowsCVI\BatteryApplication\battery-tester\data\BT32_baseline_20260327_145214\phase_3\eis_measurements\geis_20260327_185045_C01.mpr
2026-03-27 18:52:02 [INFO] [BIO] EIS data: t=7.679 s, f=1000.320 Hz, Re(Z)=0.036649 Ohm, -Im(Z)=-0.002383 Ohm
2026-03-27 18:52:02 [INFO] [BIO] Reading EIS value at index 7 from: c:\Users\CV166\Documents\LabWindowsCVI\BatteryApplication\battery-tester\data\BT32_baseline_20260327_145214\phase_3\eis_measurements\geis_20260327_185045_C01.mpr
2026-03-27 18:52:02 [INFO] [BIO] EIS data: t=8.809 s, f=681.090 Hz, Re(Z)=0.036853 Ohm, -Im(Z)=-0.001268 Ohm
2026-03-27 18:52:02 [INFO] [BIO] Reading EIS value at index 8 from: c:\Users\CV166\Documents\LabWindowsCVI\BatteryApplication\battery-tester\data\BT32_baseline_20260327_145214\phase_3\eis_measurements\geis_20260327_185045_C01.mpr
2026-03-27 18:52:02 [INFO] [BIO] EIS data: t=9.941 s, f=463.961 Hz, Re(Z)=0.037092 Ohm, -Im(Z)=-0.000502 Ohm
2026-03-27 18:52:02 [INFO] [BIO] Reading EIS value at index 9 from: c:\Users\CV166\Documents\LabWindowsCVI\BatteryApplication\battery-tester\data\BT32_baseline_20260327_145214\phase_3\eis_measurements\geis_20260327_185045_C01.mpr
2026-03-27 18:52:02 [INFO] [BIO] EIS data: t=11.068 s, f=316.316 Hz, Re(Z)=0.037365 Ohm, -Im(Z)=0.000085 Ohm
2026-03-27 18:52:02 [INFO] [BIO] Reading EIS value at index 10 from: c:\Users\CV166\Documents\LabWindowsCVI\BatteryApplication\battery-tester\data\BT32_baseline_20260327_145214\phase_3\eis_measurements\geis_20260327_185045_C01.mpr
2026-03-27 18:52:02 [INFO] [BIO] EIS data: t=12.196 s, f=215.345 Hz, Re(Z)=0.037659 Ohm, -Im(Z)=0.000490 Ohm
2026-03-27 18:52:02 [INFO] [BIO] Reading EIS value at index 11 from: c:\Users\CV166\Documents\LabWindowsCVI\BatteryApplication\battery-tester\data\BT32_baseline_20260327_145214\phase_3\eis_measurements\geis_20260327_185045_C01.mpr
2026-03-27 18:52:02 [INFO] [BIO] EIS data: t=13.316 s, f=146.737 Hz, Re(Z)=0.037964 Ohm, -Im(Z)=0.000775 Ohm
2026-03-27 18:52:02 [INFO] [BIO] Reading EIS value at index 12 from: c:\Users\CV166\Documents\LabWindowsCVI\BatteryApplication\battery-tester\data\BT32_baseline_20260327_145214\phase_3\eis_measurements\geis_20260327_185045_C01.mpr
2026-03-27 18:52:02 [INFO] [BIO] EIS data: t=14.447 s, f=100.032 Hz, Re(Z)=0.038288 Ohm, -Im(Z)=0.000959 Ohm
2026-03-27 18:52:02 [INFO] [BIO] Reading EIS value at index 13 from: c:\Users\CV166\Documents\LabWindowsCVI\BatteryApplication\battery-tester\data\BT32_baseline_20260327_145214\phase_3\eis_measurements\geis_20260327_185045_C01.mpr
2026-03-27 18:52:02 [INFO] [BIO] EIS data: t=15.606 s, f=68.104 Hz, Re(Z)=0.038587 Ohm, -Im(Z)=0.001098 Ohm
2026-03-27 18:52:02 [INFO] [BIO] Reading EIS value at index 14 from: c:\Users\CV166\Documents\LabWindowsCVI\BatteryApplication\battery-tester\data\BT32_baseline_20260327_145214\phase_3\eis_measurements\geis_20260327_185045_C01.mpr
2026-03-27 18:52:02 [INFO] [BIO] EIS data: t=16.706 s, f=46.442 Hz, Re(Z)=0.038920 Ohm, -Im(Z)=0.001215 Ohm
2026-03-27 18:52:02 [INFO] [BIO] Reading EIS value at index 15 from: c:\Users\CV166\Documents\LabWindowsCVI\BatteryApplication\battery-tester\data\BT32_baseline_20260327_145214\phase_3\eis_measurements\geis_20260327_185045_C01.mpr
2026-03-27 18:52:02 [INFO] [BIO] EIS data: t=17.787 s, f=31.630 Hz, Re(Z)=0.039196 Ohm, -Im(Z)=0.001302 Ohm
2026-03-27 18:52:02 [INFO] [BIO] Reading EIS value at index 16 from: c:\Users\CV166\Documents\LabWindowsCVI\BatteryApplication\battery-tester\data\BT32_baseline_20260327_145214\phase_3\eis_measurements\geis_20260327_185045_C01.mpr
2026-03-27 18:52:02 [INFO] [BIO] EIS data: t=18.847 s, f=21.552 Hz, Re(Z)=0.039519 Ohm, -Im(Z)=0.001427 Ohm
2026-03-27 18:52:02 [INFO] [BIO] Reading EIS value at index 17 from: c:\Users\CV166\Documents\LabWindowsCVI\BatteryApplication\battery-tester\data\BT32_baseline_20260327_145214\phase_3\eis_measurements\geis_20260327_185045_C01.mpr
2026-03-27 18:52:02 [INFO] [BIO] EIS data: t=19.999 s, f=14.685 Hz, Re(Z)=0.039874 Ohm, -Im(Z)=0.001533 Ohm
2026-03-27 18:52:02 [INFO] [BIO] Reading EIS value at index 18 from: c:\Users\CV166\Documents\LabWindowsCVI\BatteryApplication\battery-tester\data\BT32_baseline_20260327_145214\phase_3\eis_measurements\geis_20260327_185045_C01.mpr
2026-03-27 18:52:02 [INFO] [BIO] EIS data: t=71.403 s, f=9.973 Hz, Re(Z)=0.040250 Ohm, -Im(Z)=0.001728 Ohm
2026-03-27 18:52:02 [INFO] [BIO] Reading EIS value at index 19 from: c:\Users\CV166\Documents\LabWindowsCVI\BatteryApplication\battery-tester\data\BT32_baseline_20260327_145214\phase_3\eis_measurements\geis_20260327_185045_C01.mpr
2026-03-27 18:52:02 [INFO] [BIO] EIS data: t=71.403 s, f=6.782 Hz, Re(Z)=0.040677 Ohm, -Im(Z)=0.001919 Ohm
2026-03-27 18:52:02 [INFO] [BIO] Reading EIS value at index 20 from: c:\Users\CV166\Documents\LabWindowsCVI\BatteryApplication\battery-tester\data\BT32_baseline_20260327_145214\phase_3\eis_measurements\geis_20260327_185045_C01.mpr
2026-03-27 18:52:02 [INFO] [BIO] EIS data: t=71.403 s, f=4.687 Hz, Re(Z)=0.041130 Ohm, -Im(Z)=0.002112 Ohm
2026-03-27 18:52:02 [INFO] [BIO] Reading EIS value at index 21 from: c:\Users\CV166\Documents\LabWindowsCVI\BatteryApplication\battery-tester\data\BT32_baseline_20260327_145214\phase_3\eis_measurements\geis_20260327_185045_C01.mpr
2026-03-27 18:52:02 [INFO] [BIO] EIS data: t=71.403 s, f=3.191 Hz, Re(Z)=0.041629 Ohm, -Im(Z)=0.002328 Ohm
2026-03-27 18:52:02 [INFO] [BIO] Reading EIS value at index 22 from: c:\Users\CV166\Documents\LabWindowsCVI\BatteryApplication\battery-tester\data\BT32_baseline_20260327_145214\phase_3\eis_measurements\geis_20260327_185045_C01.mpr
2026-03-27 18:52:02 [INFO] [BIO] EIS data: t=71.403 s, f=2.194 Hz, Re(Z)=0.042144 Ohm, -Im(Z)=0.002536 Ohm
2026-03-27 18:52:02 [INFO] [BIO] Reading EIS value at index 23 from: c:\Users\CV166\Documents\LabWindowsCVI\BatteryApplication\battery-tester\data\BT32_baseline_20260327_145214\phase_3\eis_measurements\geis_20260327_185045_C01.mpr
2026-03-27 18:52:02 [INFO] [BIO] EIS data: t=71.403 s, f=1.496 Hz, Re(Z)=0.042716 Ohm, -Im(Z)=0.002914 Ohm
2026-03-27 18:52:02 [INFO] [BIO] Reading EIS value at index 24 from: c:\Users\CV166\Documents\LabWindowsCVI\BatteryApplication\battery-tester\data\BT32_baseline_20260327_145214\phase_3\eis_measurements\geis_20260327_185045_C01.mpr
2026-03-27 18:52:02 [INFO] [BIO] EIS data: t=71.403 s, f=0.997 Hz, Re(Z)=0.043668 Ohm, -Im(Z)=0.002895 Ohm
2026-03-27 18:52:02 [INFO] [BIO] Reading EIS value at index 25 from: c:\Users\CV166\Documents\LabWindowsCVI\BatteryApplication\battery-tester\data\BT32_baseline_20260327_145214\phase_3\eis_measurements\geis_20260327_185045_C01.mpr
2026-03-27 18:52:02 [INFO] [BIO] EIS data: t=71.403 s, f=0.698 Hz, Re(Z)=0.043761 Ohm, -Im(Z)=0.003414 Ohm
2026-03-27 18:52:02 [INFO] [BIO] Reading EIS value at index 26 from: c:\Users\CV166\Documents\LabWindowsCVI\BatteryApplication\battery-tester\data\BT32_baseline_20260327_145214\phase_3\eis_measurements\geis_20260327_185045_C01.mpr
2026-03-27 18:52:02 [INFO] [BIO] EIS data: t=71.403 s, f=0.499 Hz, Re(Z)=0.044300 Ohm, -Im(Z)=0.003475 Ohm
2026-03-27 18:52:02 [INFO] [BIO] Reading EIS value at index 27 from: c:\Users\CV166\Documents\LabWindowsCVI\BatteryApplication\battery-tester\data\BT32_baseline_20260327_145214\phase_3\eis_measurements\geis_20260327_185045_C01.mpr
2026-03-27 18:52:02 [INFO] [BIO] EIS data: t=71.403 s, f=0.299 Hz, Re(Z)=0.045226 Ohm, -Im(Z)=0.005222 Ohm
2026-03-27 18:52:02 [INFO] [BIO] Reading EIS value at index 28 from: c:\Users\CV166\Documents\LabWindowsCVI\BatteryApplication\battery-tester\data\BT32_baseline_20260327_145214\phase_3\eis_measurements\geis_20260327_185045_C01.mpr
2026-03-27 18:52:02 [INFO] [BIO] EIS data: t=71.403 s, f=0.199 Hz, Re(Z)=0.046765 Ohm, -Im(Z)=0.006751 Ohm
2026-03-27 18:52:02 [INFO] [BIO] Reading EIS value at index 29 from: c:\Users\CV166\Documents\LabWindowsCVI\BatteryApplication\battery-tester\data\BT32_baseline_20260327_145214\phase_3\eis_measurements\geis_20260327_185045_C01.mpr
2026-03-27 18:52:02 [INFO] [BIO] EIS data: t=71.403 s, f=0.100 Hz, Re(Z)=0.046155 Ohm, -Im(Z)=0.005613 Ohm
2026-03-27 18:52:02 [INFO] [BIO] Successfully converted 30 data points
2026-03-27 18:52:02 [INFO] [BIO] GEIS measurement completed successfully
2026-03-27 18:52:02 [INFO] Relaxation EIS #3 completed at 0.0% SOC (OCV: 2.79035449 V, relaxation: 240 s)
2026-03-27 18:52:31 [INFO] Relaxation EIS #4 at 0.0% SOC (relaxation time: 361 s)
2026-03-27 18:52:31 [INFO] [BIO] Starting OCV measurement via EC-Lab
2026-03-27 18:52:32 [INFO] [BIO]   Settings: C:\Users\CV166\Documents\LabWindowsCVI\BatteryApplication\battery-tester\eclab_settings\ocv_default.mps
2026-03-27 18:52:32 [INFO] [BIO]   Output: c:\Users\CV166\Documents\LabWindowsCVI\BatteryApplication\battery-tester\data\BT32_baseline_20260327_145214\phase_3\eis_measurements\ocv_20260327_185232_C01.mpr
2026-03-27 18:52:32 [INFO] [BIO] Loading settings from: C:\Users\CV166\Documents\LabWindowsCVI\BatteryApplication\battery-tester\eclab_settings\ocv_default.mps
2026-03-27 18:52:32 [INFO] [BIO] Settings loaded successfully
2026-03-27 18:52:32 [INFO] [BIO] Starting measurement, output: c:\Users\CV166\Documents\LabWindowsCVI\BatteryApplication\battery-tester\data\BT32_baseline_20260327_145214\phase_3\eis_measurements\ocv_20260327_185232_C01.mpr
2026-03-27 18:52:32 [INFO] [BIO] Measurement started
2026-03-27 18:52:32 [INFO] [BIO] Monitoring measurement (timeout: 60000 ms)
2026-03-27 18:52:32 [INFO] [BIO] Status: 0, Technique: 11, Time: 71.4 s, Ewe: 2.7969 V, I: 0.0000 A
2026-03-27 18:52:35 [INFO] [BIO] Measurement started running
2026-03-27 18:52:37 [INFO] [BIO] Status: 1, Technique: 11, Time: 2.4 s, Ewe: 2.7975 V, I: 0.0000 A
2026-03-27 18:52:43 [INFO] [BIO] Status: 1, Technique: 11, Time: 7.8 s, Ewe: 2.7978 V, I: 0.0000 A
2026-03-27 18:52:45 [INFO] [BIO] Measurement completed (10.0 s, Ewe: 2.7979 V)
2026-03-27 18:52:46 [INFO] [BIO] Converting .mpr file to BIO_TechniqueData: c:\Users\CV166\Documents\LabWindowsCVI\BatteryApplication\battery-tester\data\BT32_baseline_20260327_145214\phase_3\eis_measurements\ocv_20260327_185232_C01.mpr
2026-03-27 18:52:46 [INFO] [BIO] Reading number of points from: c:\Users\CV166\Documents\LabWindowsCVI\BatteryApplication\battery-tester\data\BT32_baseline_20260327_145214\phase_3\eis_measurements\ocv_20260327_185232_C01.mpr
2026-03-27 18:52:46 [INFO] [BIO] File contains 10 data points
2026-03-27 18:52:46 [INFO] [BIO] Reading 10 data points from .mpr file
2026-03-27 18:52:46 [INFO] [BIO] Reading DC value at index 0 from: c:\Users\CV166\Documents\LabWindowsCVI\BatteryApplication\battery-tester\data\BT32_baseline_20260327_145214\phase_3\eis_measurements\ocv_20260327_185232_C01.mpr
2026-03-27 18:52:46 [INFO] [BIO] DC data: t=1.000 s, V=2.797309 V, I=0.000000 mA
2026-03-27 18:52:46 [INFO] [BIO] Reading DC value at index 1 from: c:\Users\CV166\Documents\LabWindowsCVI\BatteryApplication\battery-tester\data\BT32_baseline_20260327_145214\phase_3\eis_measurements\ocv_20260327_185232_C01.mpr
2026-03-27 18:52:46 [INFO] [BIO] DC data: t=2.000 s, V=2.797234 V, I=0.000000 mA
2026-03-27 18:52:46 [INFO] [BIO] Reading DC value at index 2 from: c:\Users\CV166\Documents\LabWindowsCVI\BatteryApplication\battery-tester\data\BT32_baseline_20260327_145214\phase_3\eis_measurements\ocv_20260327_185232_C01.mpr
2026-03-27 18:52:46 [INFO] [BIO] DC data: t=3.000 s, V=2.797293 V, I=0.000000 mA
2026-03-27 18:52:46 [INFO] [BIO] Reading DC value at index 3 from: c:\Users\CV166\Documents\LabWindowsCVI\BatteryApplication\battery-tester\data\BT32_baseline_20260327_145214\phase_3\eis_measurements\ocv_20260327_185232_C01.mpr
2026-03-27 18:52:46 [INFO] [BIO] DC data: t=4.000 s, V=2.797344 V, I=0.000000 mA
2026-03-27 18:52:46 [INFO] [BIO] Reading DC value at index 4 from: c:\Users\CV166\Documents\LabWindowsCVI\BatteryApplication\battery-tester\data\BT32_baseline_20260327_145214\phase_3\eis_measurements\ocv_20260327_185232_C01.mpr
2026-03-27 18:52:46 [INFO] [BIO] DC data: t=5.000 s, V=2.797401 V, I=0.000000 mA
2026-03-27 18:52:46 [INFO] [BIO] Reading DC value at index 5 from: c:\Users\CV166\Documents\LabWindowsCVI\BatteryApplication\battery-tester\data\BT32_baseline_20260327_145214\phase_3\eis_measurements\ocv_20260327_185232_C01.mpr
2026-03-27 18:52:46 [INFO] [BIO] DC data: t=6.000 s, V=2.797460 V, I=0.000000 mA
2026-03-27 18:52:46 [INFO] [BIO] Reading DC value at index 6 from: c:\Users\CV166\Documents\LabWindowsCVI\BatteryApplication\battery-tester\data\BT32_baseline_20260327_145214\phase_3\eis_measurements\ocv_20260327_185232_C01.mpr
2026-03-27 18:52:46 [INFO] [BIO] DC data: t=7.000 s, V=2.797522 V, I=0.000000 mA
2026-03-27 18:52:46 [INFO] [BIO] Reading DC value at index 7 from: c:\Users\CV166\Documents\LabWindowsCVI\BatteryApplication\battery-tester\data\BT32_baseline_20260327_145214\phase_3\eis_measurements\ocv_20260327_185232_C01.mpr
2026-03-27 18:52:46 [INFO] [BIO] DC data: t=8.000 s, V=2.797585 V, I=0.000000 mA
2026-03-27 18:52:46 [INFO] [BIO] Reading DC value at index 8 from: c:\Users\CV166\Documents\LabWindowsCVI\BatteryApplication\battery-tester\data\BT32_baseline_20260327_145214\phase_3\eis_measurements\ocv_20260327_185232_C01.mpr
2026-03-27 18:52:46 [INFO] [BIO] DC data: t=9.000 s, V=2.797642 V, I=0.000000 mA
2026-03-27 18:52:46 [INFO] [BIO] Reading DC value at index 9 from: c:\Users\CV166\Documents\LabWindowsCVI\BatteryApplication\battery-tester\data\BT32_baseline_20260327_145214\phase_3\eis_measurements\ocv_20260327_185232_C01.mpr
2026-03-27 18:52:46 [INFO] [BIO] DC data: t=10.000 s, V=2.797705 V, I=0.000000 mA
2026-03-27 18:52:46 [INFO] [BIO] Successfully converted 10 data points
2026-03-27 18:52:46 [INFO] [BIO] OCV measurement completed successfully
2026-03-27 18:52:46 [INFO] [BIO] Starting GEIS measurement via EC-Lab
2026-03-27 18:52:46 [INFO] [BIO]   Settings: C:\Users\CV166\Documents\LabWindowsCVI\BatteryApplication\battery-tester\eclab_settings\geis_default.mps
2026-03-27 18:52:46 [INFO] [BIO]   Output: c:\Users\CV166\Documents\LabWindowsCVI\BatteryApplication\battery-tester\data\BT32_baseline_20260327_145214\phase_3\eis_measurements\geis_20260327_185246_C01.mpr
2026-03-27 18:52:46 [INFO] [BIO] Loading settings from: C:\Users\CV166\Documents\LabWindowsCVI\BatteryApplication\battery-tester\eclab_settings\geis_default.mps
2026-03-27 18:52:47 [INFO] [BIO] Settings loaded successfully
2026-03-27 18:52:47 [INFO] [BIO] Starting measurement, output: c:\Users\CV166\Documents\LabWindowsCVI\BatteryApplication\battery-tester\data\BT32_baseline_20260327_145214\phase_3\eis_measurements\geis_20260327_185246_C01.mpr
2026-03-27 18:52:47 [INFO] [BIO] Measurement started
2026-03-27 18:52:47 [INFO] [BIO] Monitoring measurement (timeout: 300000 ms)
2026-03-27 18:52:47 [INFO] [BIO] Status: 0, Technique: 30, Time: 10.0 s, Ewe: 2.7980 V, I: 0.0000 A
2026-03-27 18:52:50 [INFO] [BIO] Measurement started running
2026-03-27 18:52:52 [INFO] [BIO] Status: 1, Technique: 30, Time: 2.4 s, Ewe: 2.7967 V, I: -0.0316 A
2026-03-27 18:52:58 [INFO] [BIO] Status: 1, Technique: 30, Time: 7.9 s, Ewe: 2.8078 V, I: 359.3036 A
2026-03-27 18:53:03 [INFO] [BIO] Status: 1, Technique: 30, Time: 13.4 s, Ewe: 2.7872 V, I: -206.6187 A
2026-03-27 18:53:08 [INFO] [BIO] Status: 1, Technique: 30, Time: 18.8 s, Ewe: 2.7890 V, I: -279.2941 A
2026-03-27 18:53:14 [INFO] [BIO] Status: 1, Technique: 30, Time: 24.2 s, Ewe: 2.8083 V, I: 78.9416 A
2026-03-27 18:53:19 [INFO] [BIO] Status: 1, Technique: 30, Time: 29.5 s, Ewe: 2.7995 V, I: -55.5867 A
2026-03-27 18:53:24 [INFO] [BIO] Status: 1, Technique: 30, Time: 34.9 s, Ewe: 2.8129 V, I: 233.4371 A
2026-03-27 18:53:30 [INFO] [BIO] Status: 1, Technique: 30, Time: 40.3 s, Ewe: 2.7998 V, I: 10.1364 A
2026-03-27 18:53:35 [INFO] [BIO] Status: 1, Technique: 30, Time: 45.6 s, Ewe: 2.8059 V, I: 34.3234 A
2026-03-27 18:53:41 [INFO] [BIO] Status: 1, Technique: 30, Time: 51.0 s, Ewe: 2.8044 V, I: 75.6243 A
2026-03-27 18:53:46 [INFO] [BIO] Status: 1, Technique: 30, Time: 56.3 s, Ewe: 2.8050 V, I: -11.2481 A
2026-03-27 18:53:51 [INFO] [BIO] Status: 1, Technique: 30, Time: 61.7 s, Ewe: 2.7981 V, I: -31.2662 A
2026-03-27 18:53:57 [INFO] [BIO] Status: 1, Technique: 30, Time: 67.0 s, Ewe: 2.7933 V, I: -274.3436 A
2026-03-27 18:54:01 [INFO] [BIO] Measurement completed (71.5 s, Ewe: 2.8015 V)
2026-03-27 18:54:02 [INFO] [BIO] Converting .mpr file to BIO_TechniqueData: c:\Users\CV166\Documents\LabWindowsCVI\BatteryApplication\battery-tester\data\BT32_baseline_20260327_145214\phase_3\eis_measurements\geis_20260327_185246_C01.mpr
2026-03-27 18:54:02 [INFO] [BIO] Reading number of points from: c:\Users\CV166\Documents\LabWindowsCVI\BatteryApplication\battery-tester\data\BT32_baseline_20260327_145214\phase_3\eis_measurements\geis_20260327_185246_C01.mpr
2026-03-27 18:54:02 [INFO] [BIO] File contains 30 data points
2026-03-27 18:54:02 [INFO] [BIO] Reading 30 data points from .mpr file
2026-03-27 18:54:02 [INFO] [BIO] Reading EIS value at index 0 from: c:\Users\CV166\Documents\LabWindowsCVI\BatteryApplication\battery-tester\data\BT32_baseline_20260327_145214\phase_3\eis_measurements\geis_20260327_185246_C01.mpr
2026-03-27 18:54:02 [INFO] [BIO] EIS data: t=1.124 s, f=10002.226 Hz, Re(Z)=0.037790 Ohm, -Im(Z)=-0.030494 Ohm
2026-03-27 18:54:02 [INFO] [BIO] Reading EIS value at index 1 from: c:\Users\CV166\Documents\LabWindowsCVI\BatteryApplication\battery-tester\data\BT32_baseline_20260327_145214\phase_3\eis_measurements\geis_20260327_185246_C01.mpr
2026-03-27 18:54:02 [INFO] [BIO] EIS data: t=2.019 s, f=6811.067 Hz, Re(Z)=0.037076 Ohm, -Im(Z)=-0.020929 Ohm
2026-03-27 18:54:02 [INFO] [BIO] Reading EIS value at index 2 from: c:\Users\CV166\Documents\LabWindowsCVI\BatteryApplication\battery-tester\data\BT32_baseline_20260327_145214\phase_3\eis_measurements\geis_20260327_185246_C01.mpr
2026-03-27 18:54:02 [INFO] [BIO] EIS data: t=3.150 s, f=4641.485 Hz, Re(Z)=0.036683 Ohm, -Im(Z)=-0.014247 Ohm
2026-03-27 18:54:02 [INFO] [BIO] Reading EIS value at index 3 from: c:\Users\CV166\Documents\LabWindowsCVI\BatteryApplication\battery-tester\data\BT32_baseline_20260327_145214\phase_3\eis_measurements\geis_20260327_185246_C01.mpr
2026-03-27 18:54:02 [INFO] [BIO] EIS data: t=4.282 s, f=3161.012 Hz, Re(Z)=0.036460 Ohm, -Im(Z)=-0.009539 Ohm
2026-03-27 18:54:02 [INFO] [BIO] Reading EIS value at index 4 from: c:\Users\CV166\Documents\LabWindowsCVI\BatteryApplication\battery-tester\data\BT32_baseline_20260327_145214\phase_3\eis_measurements\geis_20260327_185246_C01.mpr
2026-03-27 18:54:02 [INFO] [BIO] EIS data: t=5.414 s, f=2155.690 Hz, Re(Z)=0.036430 Ohm, -Im(Z)=-0.006281 Ohm
2026-03-27 18:54:02 [INFO] [BIO] Reading EIS value at index 5 from: c:\Users\CV166\Documents\LabWindowsCVI\BatteryApplication\battery-tester\data\BT32_baseline_20260327_145214\phase_3\eis_measurements\geis_20260327_185246_C01.mpr
2026-03-27 18:54:02 [INFO] [BIO] EIS data: t=6.546 s, f=1468.590 Hz, Re(Z)=0.036508 Ohm, -Im(Z)=-0.003986 Ohm
2026-03-27 18:54:02 [INFO] [BIO] Reading EIS value at index 6 from: c:\Users\CV166\Documents\LabWindowsCVI\BatteryApplication\battery-tester\data\BT32_baseline_20260327_145214\phase_3\eis_measurements\geis_20260327_185246_C01.mpr
2026-03-27 18:54:02 [INFO] [BIO] EIS data: t=7.678 s, f=1000.320 Hz, Re(Z)=0.036673 Ohm, -Im(Z)=-0.002381 Ohm
2026-03-27 18:54:02 [INFO] [BIO] Reading EIS value at index 7 from: c:\Users\CV166\Documents\LabWindowsCVI\BatteryApplication\battery-tester\data\BT32_baseline_20260327_145214\phase_3\eis_measurements\geis_20260327_185246_C01.mpr
2026-03-27 18:54:02 [INFO] [BIO] EIS data: t=8.808 s, f=681.090 Hz, Re(Z)=0.036860 Ohm, -Im(Z)=-0.001256 Ohm
2026-03-27 18:54:02 [INFO] [BIO] Reading EIS value at index 8 from: c:\Users\CV166\Documents\LabWindowsCVI\BatteryApplication\battery-tester\data\BT32_baseline_20260327_145214\phase_3\eis_measurements\geis_20260327_185246_C01.mpr
2026-03-27 18:54:02 [INFO] [BIO] EIS data: t=9.940 s, f=463.961 Hz, Re(Z)=0.037104 Ohm, -Im(Z)=-0.000474 Ohm
2026-03-27 18:54:02 [INFO] [BIO] Reading EIS value at index 9 from: c:\Users\CV166\Documents\LabWindowsCVI\BatteryApplication\battery-tester\data\BT32_baseline_20260327_145214\phase_3\eis_measurements\geis_20260327_185246_C01.mpr
2026-03-27 18:54:02 [INFO] [BIO] EIS data: t=11.066 s, f=316.316 Hz, Re(Z)=0.037364 Ohm, -Im(Z)=0.000085 Ohm
2026-03-27 18:54:02 [INFO] [BIO] Reading EIS value at index 10 from: c:\Users\CV166\Documents\LabWindowsCVI\BatteryApplication\battery-tester\data\BT32_baseline_20260327_145214\phase_3\eis_measurements\geis_20260327_185246_C01.mpr
2026-03-27 18:54:02 [INFO] [BIO] EIS data: t=12.197 s, f=215.345 Hz, Re(Z)=0.037661 Ohm, -Im(Z)=0.000478 Ohm
2026-03-27 18:54:02 [INFO] [BIO] Reading EIS value at index 11 from: c:\Users\CV166\Documents\LabWindowsCVI\BatteryApplication\battery-tester\data\BT32_baseline_20260327_145214\phase_3\eis_measurements\geis_20260327_185246_C01.mpr
2026-03-27 18:54:02 [INFO] [BIO] EIS data: t=13.317 s, f=146.737 Hz, Re(Z)=0.037966 Ohm, -Im(Z)=0.000755 Ohm
2026-03-27 18:54:02 [INFO] [BIO] Reading EIS value at index 12 from: c:\Users\CV166\Documents\LabWindowsCVI\BatteryApplication\battery-tester\data\BT32_baseline_20260327_145214\phase_3\eis_measurements\geis_20260327_185246_C01.mpr
2026-03-27 18:54:03 [INFO] [BIO] EIS data: t=14.448 s, f=100.032 Hz, Re(Z)=0.038264 Ohm, -Im(Z)=0.000963 Ohm
2026-03-27 18:54:03 [INFO] [BIO] Reading EIS value at index 13 from: c:\Users\CV166\Documents\LabWindowsCVI\BatteryApplication\battery-tester\data\BT32_baseline_20260327_145214\phase_3\eis_measurements\geis_20260327_185246_C01.mpr
2026-03-27 18:54:03 [INFO] [BIO] EIS data: t=15.607 s, f=68.104 Hz, Re(Z)=0.038611 Ohm, -Im(Z)=0.001058 Ohm
2026-03-27 18:54:03 [INFO] [BIO] Reading EIS value at index 14 from: c:\Users\CV166\Documents\LabWindowsCVI\BatteryApplication\battery-tester\data\BT32_baseline_20260327_145214\phase_3\eis_measurements\geis_20260327_185246_C01.mpr
2026-03-27 18:54:03 [INFO] [BIO] EIS data: t=16.707 s, f=46.442 Hz, Re(Z)=0.038897 Ohm, -Im(Z)=0.001182 Ohm
2026-03-27 18:54:03 [INFO] [BIO] Reading EIS value at index 15 from: c:\Users\CV166\Documents\LabWindowsCVI\BatteryApplication\battery-tester\data\BT32_baseline_20260327_145214\phase_3\eis_measurements\geis_20260327_185246_C01.mpr
2026-03-27 18:54:03 [INFO] [BIO] EIS data: t=17.788 s, f=31.630 Hz, Re(Z)=0.039199 Ohm, -Im(Z)=0.001283 Ohm
2026-03-27 18:54:03 [INFO] [BIO] Reading EIS value at index 16 from: c:\Users\CV166\Documents\LabWindowsCVI\BatteryApplication\battery-tester\data\BT32_baseline_20260327_145214\phase_3\eis_measurements\geis_20260327_185246_C01.mpr
2026-03-27 18:54:03 [INFO] [BIO] EIS data: t=18.849 s, f=21.552 Hz, Re(Z)=0.039517 Ohm, -Im(Z)=0.001444 Ohm
2026-03-27 18:54:03 [INFO] [BIO] Reading EIS value at index 17 from: c:\Users\CV166\Documents\LabWindowsCVI\BatteryApplication\battery-tester\data\BT32_baseline_20260327_145214\phase_3\eis_measurements\geis_20260327_185246_C01.mpr
2026-03-27 18:54:03 [INFO] [BIO] EIS data: t=20.001 s, f=14.685 Hz, Re(Z)=0.039859 Ohm, -Im(Z)=0.001535 Ohm
2026-03-27 18:54:03 [INFO] [BIO] Reading EIS value at index 18 from: c:\Users\CV166\Documents\LabWindowsCVI\BatteryApplication\battery-tester\data\BT32_baseline_20260327_145214\phase_3\eis_measurements\geis_20260327_185246_C01.mpr
2026-03-27 18:54:03 [INFO] [BIO] EIS data: t=71.405 s, f=9.973 Hz, Re(Z)=0.040251 Ohm, -Im(Z)=0.001714 Ohm
2026-03-27 18:54:03 [INFO] [BIO] Reading EIS value at index 19 from: c:\Users\CV166\Documents\LabWindowsCVI\BatteryApplication\battery-tester\data\BT32_baseline_20260327_145214\phase_3\eis_measurements\geis_20260327_185246_C01.mpr
2026-03-27 18:54:03 [INFO] [BIO] EIS data: t=71.405 s, f=6.782 Hz, Re(Z)=0.040664 Ohm, -Im(Z)=0.001909 Ohm
2026-03-27 18:54:03 [INFO] [BIO] Reading EIS value at index 20 from: c:\Users\CV166\Documents\LabWindowsCVI\BatteryApplication\battery-tester\data\BT32_baseline_20260327_145214\phase_3\eis_measurements\geis_20260327_185246_C01.mpr
2026-03-27 18:54:03 [INFO] [BIO] EIS data: t=71.405 s, f=4.687 Hz, Re(Z)=0.041113 Ohm, -Im(Z)=0.002091 Ohm
2026-03-27 18:54:03 [INFO] [BIO] Reading EIS value at index 21 from: c:\Users\CV166\Documents\LabWindowsCVI\BatteryApplication\battery-tester\data\BT32_baseline_20260327_145214\phase_3\eis_measurements\geis_20260327_185246_C01.mpr
2026-03-27 18:54:03 [INFO] [BIO] EIS data: t=71.405 s, f=3.191 Hz, Re(Z)=0.041627 Ohm, -Im(Z)=0.002284 Ohm
2026-03-27 18:54:03 [INFO] [BIO] Reading EIS value at index 22 from: c:\Users\CV166\Documents\LabWindowsCVI\BatteryApplication\battery-tester\data\BT32_baseline_20260327_145214\phase_3\eis_measurements\geis_20260327_185246_C01.mpr
2026-03-27 18:54:03 [INFO] [BIO] EIS data: t=71.405 s, f=2.194 Hz, Re(Z)=0.042125 Ohm, -Im(Z)=0.002505 Ohm
2026-03-27 18:54:03 [INFO] [BIO] Reading EIS value at index 23 from: c:\Users\CV166\Documents\LabWindowsCVI\BatteryApplication\battery-tester\data\BT32_baseline_20260327_145214\phase_3\eis_measurements\geis_20260327_185246_C01.mpr
2026-03-27 18:54:03 [INFO] [BIO] EIS data: t=71.405 s, f=1.496 Hz, Re(Z)=0.042692 Ohm, -Im(Z)=0.002848 Ohm
2026-03-27 18:54:03 [INFO] [BIO] Reading EIS value at index 24 from: c:\Users\CV166\Documents\LabWindowsCVI\BatteryApplication\battery-tester\data\BT32_baseline_20260327_145214\phase_3\eis_measurements\geis_20260327_185246_C01.mpr
2026-03-27 18:54:03 [INFO] [BIO] EIS data: t=71.405 s, f=0.997 Hz, Re(Z)=0.043603 Ohm, -Im(Z)=0.002853 Ohm
2026-03-27 18:54:03 [INFO] [BIO] Reading EIS value at index 25 from: c:\Users\CV166\Documents\LabWindowsCVI\BatteryApplication\battery-tester\data\BT32_baseline_20260327_145214\phase_3\eis_measurements\geis_20260327_185246_C01.mpr
2026-03-27 18:54:03 [INFO] [BIO] EIS data: t=71.405 s, f=0.698 Hz, Re(Z)=0.043724 Ohm, -Im(Z)=0.003339 Ohm
2026-03-27 18:54:03 [INFO] [BIO] Reading EIS value at index 26 from: c:\Users\CV166\Documents\LabWindowsCVI\BatteryApplication\battery-tester\data\BT32_baseline_20260327_145214\phase_3\eis_measurements\geis_20260327_185246_C01.mpr
2026-03-27 18:54:03 [INFO] [BIO] EIS data: t=71.405 s, f=0.499 Hz, Re(Z)=0.044261 Ohm, -Im(Z)=0.003431 Ohm
2026-03-27 18:54:03 [INFO] [BIO] Reading EIS value at index 27 from: c:\Users\CV166\Documents\LabWindowsCVI\BatteryApplication\battery-tester\data\BT32_baseline_20260327_145214\phase_3\eis_measurements\geis_20260327_185246_C01.mpr
2026-03-27 18:54:03 [INFO] [BIO] EIS data: t=71.405 s, f=0.299 Hz, Re(Z)=0.045167 Ohm, -Im(Z)=0.005066 Ohm
2026-03-27 18:54:03 [INFO] [BIO] Reading EIS value at index 28 from: c:\Users\CV166\Documents\LabWindowsCVI\BatteryApplication\battery-tester\data\BT32_baseline_20260327_145214\phase_3\eis_measurements\geis_20260327_185246_C01.mpr
2026-03-27 18:54:03 [INFO] [BIO] EIS data: t=71.405 s, f=0.199 Hz, Re(Z)=0.046630 Ohm, -Im(Z)=0.006511 Ohm
2026-03-27 18:54:03 [INFO] [BIO] Reading EIS value at index 29 from: c:\Users\CV166\Documents\LabWindowsCVI\BatteryApplication\battery-tester\data\BT32_baseline_20260327_145214\phase_3\eis_measurements\geis_20260327_185246_C01.mpr
2026-03-27 18:54:03 [INFO] [BIO] EIS data: t=71.405 s, f=0.100 Hz, Re(Z)=0.046208 Ohm, -Im(Z)=0.005640 Ohm
2026-03-27 18:54:03 [INFO] [BIO] Successfully converted 30 data points
2026-03-27 18:54:03 [INFO] [BIO] GEIS measurement completed successfully
2026-03-27 18:54:03 [INFO] Relaxation EIS #4 completed at 0.0% SOC (OCV: 2.79770541 V, relaxation: 361 s)
2026-03-27 18:54:32 [INFO] Relaxation EIS #5 at 0.0% SOC (relaxation time: 481 s)
2026-03-27 18:54:32 [INFO] [BIO] Starting OCV measurement via EC-Lab
2026-03-27 18:54:32 [INFO] [BIO]   Settings: C:\Users\CV166\Documents\LabWindowsCVI\BatteryApplication\battery-tester\eclab_settings\ocv_default.mps
2026-03-27 18:54:32 [INFO] [BIO]   Output: c:\Users\CV166\Documents\LabWindowsCVI\BatteryApplication\battery-tester\data\BT32_baseline_20260327_145214\phase_3\eis_measurements\ocv_20260327_185432_C01.mpr
2026-03-27 18:54:32 [INFO] [BIO] Loading settings from: C:\Users\CV166\Documents\LabWindowsCVI\BatteryApplication\battery-tester\eclab_settings\ocv_default.mps
2026-03-27 18:54:32 [INFO] [BIO] Settings loaded successfully
2026-03-27 18:54:32 [INFO] [BIO] Starting measurement, output: c:\Users\CV166\Documents\LabWindowsCVI\BatteryApplication\battery-tester\data\BT32_baseline_20260327_145214\phase_3\eis_measurements\ocv_20260327_185432_C01.mpr
2026-03-27 18:54:32 [INFO] [BIO] Measurement started
2026-03-27 18:54:32 [INFO] [BIO] Monitoring measurement (timeout: 60000 ms)
2026-03-27 18:54:32 [INFO] [BIO] Status: 0, Technique: 11, Time: 71.5 s, Ewe: 2.8036 V, I: 0.0000 A
2026-03-27 18:54:36 [INFO] [BIO] Measurement started running
2026-03-27 18:54:38 [INFO] [BIO] Status: 1, Technique: 11, Time: 2.3 s, Ewe: 2.8040 V, I: 0.0000 A
2026-03-27 18:54:43 [INFO] [BIO] Status: 1, Technique: 11, Time: 7.7 s, Ewe: 2.8048 V, I: 0.0000 A
2026-03-27 18:54:46 [INFO] [BIO] Measurement completed (10.0 s, Ewe: 2.8049 V)
2026-03-27 18:54:47 [INFO] [BIO] Converting .mpr file to BIO_TechniqueData: c:\Users\CV166\Documents\LabWindowsCVI\BatteryApplication\battery-tester\data\BT32_baseline_20260327_145214\phase_3\eis_measurements\ocv_20260327_185432_C01.mpr
2026-03-27 18:54:47 [INFO] [BIO] Reading number of points from: c:\Users\CV166\Documents\LabWindowsCVI\BatteryApplication\battery-tester\data\BT32_baseline_20260327_145214\phase_3\eis_measurements\ocv_20260327_185432_C01.mpr
2026-03-27 18:54:47 [INFO] [BIO] File contains 10 data points
2026-03-27 18:54:47 [INFO] [BIO] Reading 10 data points from .mpr file
2026-03-27 18:54:47 [INFO] [BIO] Reading DC value at index 0 from: c:\Users\CV166\Documents\LabWindowsCVI\BatteryApplication\battery-tester\data\BT32_baseline_20260327_145214\phase_3\eis_measurements\ocv_20260327_185432_C01.mpr
2026-03-27 18:54:47 [INFO] [BIO] DC data: t=1.000 s, V=2.804137 V, I=0.000000 mA
2026-03-27 18:54:47 [INFO] [BIO] Reading DC value at index 1 from: c:\Users\CV166\Documents\LabWindowsCVI\BatteryApplication\battery-tester\data\BT32_baseline_20260327_145214\phase_3\eis_measurements\ocv_20260327_185432_C01.mpr
2026-03-27 18:54:47 [INFO] [BIO] DC data: t=2.000 s, V=2.804188 V, I=0.000000 mA
2026-03-27 18:54:47 [INFO] [BIO] Reading DC value at index 2 from: c:\Users\CV166\Documents\LabWindowsCVI\BatteryApplication\battery-tester\data\BT32_baseline_20260327_145214\phase_3\eis_measurements\ocv_20260327_185432_C01.mpr
2026-03-27 18:54:47 [INFO] [BIO] DC data: t=3.000 s, V=2.804245 V, I=0.000000 mA
2026-03-27 18:54:47 [INFO] [BIO] Reading DC value at index 3 from: c:\Users\CV166\Documents\LabWindowsCVI\BatteryApplication\battery-tester\data\BT32_baseline_20260327_145214\phase_3\eis_measurements\ocv_20260327_185432_C01.mpr
2026-03-27 18:54:47 [INFO] [BIO] DC data: t=4.000 s, V=2.804297 V, I=0.000000 mA
2026-03-27 18:54:47 [INFO] [BIO] Reading DC value at index 4 from: c:\Users\CV166\Documents\LabWindowsCVI\BatteryApplication\battery-tester\data\BT32_baseline_20260327_145214\phase_3\eis_measurements\ocv_20260327_185432_C01.mpr
2026-03-27 18:54:47 [INFO] [BIO] DC data: t=5.000 s, V=2.804346 V, I=0.000000 mA
2026-03-27 18:54:47 [INFO] [BIO] Reading DC value at index 5 from: c:\Users\CV166\Documents\LabWindowsCVI\BatteryApplication\battery-tester\data\BT32_baseline_20260327_145214\phase_3\eis_measurements\ocv_20260327_185432_C01.mpr
2026-03-27 18:54:47 [INFO] [BIO] DC data: t=6.000 s, V=2.804399 V, I=0.000000 mA
2026-03-27 18:54:47 [INFO] [BIO] Reading DC value at index 6 from: c:\Users\CV166\Documents\LabWindowsCVI\BatteryApplication\battery-tester\data\BT32_baseline_20260327_145214\phase_3\eis_measurements\ocv_20260327_185432_C01.mpr
2026-03-27 18:54:47 [INFO] [BIO] DC data: t=7.000 s, V=2.804453 V, I=0.000000 mA
2026-03-27 18:54:47 [INFO] [BIO] Reading DC value at index 7 from: c:\Users\CV166\Documents\LabWindowsCVI\BatteryApplication\battery-tester\data\BT32_baseline_20260327_145214\phase_3\eis_measurements\ocv_20260327_185432_C01.mpr
2026-03-27 18:54:47 [INFO] [BIO] DC data: t=8.000 s, V=2.804509 V, I=0.000000 mA
2026-03-27 18:54:47 [INFO] [BIO] Reading DC value at index 8 from: c:\Users\CV166\Documents\LabWindowsCVI\BatteryApplication\battery-tester\data\BT32_baseline_20260327_145214\phase_3\eis_measurements\ocv_20260327_185432_C01.mpr
2026-03-27 18:54:47 [INFO] [BIO] DC data: t=9.000 s, V=2.804564 V, I=0.000000 mA
2026-03-27 18:54:47 [INFO] [BIO] Reading DC value at index 9 from: c:\Users\CV166\Documents\LabWindowsCVI\BatteryApplication\battery-tester\data\BT32_baseline_20260327_145214\phase_3\eis_measurements\ocv_20260327_185432_C01.mpr
2026-03-27 18:54:47 [INFO] [BIO] DC data: t=10.000 s, V=2.804618 V, I=0.000000 mA
2026-03-27 18:54:47 [INFO] [BIO] Successfully converted 10 data points
2026-03-27 18:54:47 [INFO] [BIO] OCV measurement completed successfully
2026-03-27 18:54:47 [INFO] [BIO] Starting GEIS measurement via EC-Lab
2026-03-27 18:54:47 [INFO] [BIO]   Settings: C:\Users\CV166\Documents\LabWindowsCVI\BatteryApplication\battery-tester\eclab_settings\geis_default.mps
2026-03-27 18:54:47 [INFO] [BIO]   Output: c:\Users\CV166\Documents\LabWindowsCVI\BatteryApplication\battery-tester\data\BT32_baseline_20260327_145214\phase_3\eis_measurements\geis_20260327_185447_C01.mpr
2026-03-27 18:54:47 [INFO] [BIO] Loading settings from: C:\Users\CV166\Documents\LabWindowsCVI\BatteryApplication\battery-tester\eclab_settings\geis_default.mps
2026-03-27 18:54:47 [INFO] [BIO] Settings loaded successfully
2026-03-27 18:54:47 [INFO] [BIO] Starting measurement, output: c:\Users\CV166\Documents\LabWindowsCVI\BatteryApplication\battery-tester\data\BT32_baseline_20260327_145214\phase_3\eis_measurements\geis_20260327_185447_C01.mpr
2026-03-27 18:54:47 [INFO] [BIO] Measurement started
2026-03-27 18:54:47 [INFO] [BIO] Monitoring measurement (timeout: 300000 ms)
2026-03-27 18:54:47 [INFO] [BIO] Status: 0, Technique: 30, Time: 10.0 s, Ewe: 2.8048 V, I: 0.0000 A
2026-03-27 18:54:51 [INFO] [BIO] Measurement started running
2026-03-27 18:54:53 [INFO] [BIO] Status: 1, Technique: 30, Time: 2.4 s, Ewe: 2.7754 V, I: -361.5782 A
2026-03-27 18:54:58 [INFO] [BIO] Status: 1, Technique: 30, Time: 7.8 s, Ewe: 2.7872 V, I: -343.4284 A
2026-03-27 18:55:03 [INFO] [BIO] Status: 1, Technique: 30, Time: 13.2 s, Ewe: 2.8151 V, I: 531.4977 A
2026-03-27 18:55:09 [INFO] [BIO] Status: 1, Technique: 30, Time: 18.7 s, Ewe: 2.8059 V, I: -33.0520 A
2026-03-27 18:55:14 [INFO] [BIO] Status: 1, Technique: 30, Time: 24.0 s, Ewe: 2.8202 V, I: 279.0340 A
2026-03-27 18:55:20 [INFO] [BIO] Status: 1, Technique: 30, Time: 29.4 s, Ewe: 2.8168 V, I: 247.6595 A
2026-03-27 18:55:25 [INFO] [BIO] Status: 1, Technique: 30, Time: 34.7 s, Ewe: 2.8085 V, I: 4.1500 A
2026-03-27 18:55:30 [INFO] [BIO] Status: 1, Technique: 30, Time: 40.1 s, Ewe: 2.8197 V, I: 241.6223 A
2026-03-27 18:55:36 [INFO] [BIO] Status: 1, Technique: 30, Time: 45.4 s, Ewe: 2.8076 V, I: 42.1082 A
2026-03-27 18:55:41 [INFO] [BIO] Status: 1, Technique: 30, Time: 50.8 s, Ewe: 2.7953 V, I: -353.7425 A
2026-03-27 18:55:46 [INFO] [BIO] Status: 1, Technique: 30, Time: 56.2 s, Ewe: 2.8009 V, I: -151.8008 A
2026-03-27 18:55:52 [INFO] [BIO] Status: 1, Technique: 30, Time: 61.5 s, Ewe: 2.8013 V, I: -56.8259 A
2026-03-27 18:55:57 [INFO] [BIO] Status: 1, Technique: 30, Time: 67.0 s, Ewe: 2.8043 V, I: -56.3683 A
2026-03-27 18:56:02 [INFO] [BIO] Measurement completed (71.5 s, Ewe: 2.8078 V)
2026-03-27 18:56:03 [INFO] [BIO] Converting .mpr file to BIO_TechniqueData: c:\Users\CV166\Documents\LabWindowsCVI\BatteryApplication\battery-tester\data\BT32_baseline_20260327_145214\phase_3\eis_measurements\geis_20260327_185447_C01.mpr
2026-03-27 18:56:03 [INFO] [BIO] Reading number of points from: c:\Users\CV166\Documents\LabWindowsCVI\BatteryApplication\battery-tester\data\BT32_baseline_20260327_145214\phase_3\eis_measurements\geis_20260327_185447_C01.mpr
2026-03-27 18:56:03 [INFO] [BIO] File contains 30 data points
2026-03-27 18:56:03 [INFO] [BIO] Reading 30 data points from .mpr file
2026-03-27 18:56:03 [INFO] [BIO] Reading EIS value at index 0 from: c:\Users\CV166\Documents\LabWindowsCVI\BatteryApplication\battery-tester\data\BT32_baseline_20260327_145214\phase_3\eis_measurements\geis_20260327_185447_C01.mpr
2026-03-27 18:56:03 [INFO] [BIO] EIS data: t=1.124 s, f=10002.226 Hz, Re(Z)=0.037777 Ohm, -Im(Z)=-0.030484 Ohm
2026-03-27 18:56:03 [INFO] [BIO] Reading EIS value at index 1 from: c:\Users\CV166\Documents\LabWindowsCVI\BatteryApplication\battery-tester\data\BT32_baseline_20260327_145214\phase_3\eis_measurements\geis_20260327_185447_C01.mpr
2026-03-27 18:56:03 [INFO] [BIO] EIS data: t=2.020 s, f=6811.067 Hz, Re(Z)=0.037089 Ohm, -Im(Z)=-0.020948 Ohm
2026-03-27 18:56:03 [INFO] [BIO] Reading EIS value at index 2 from: c:\Users\CV166\Documents\LabWindowsCVI\BatteryApplication\battery-tester\data\BT32_baseline_20260327_145214\phase_3\eis_measurements\geis_20260327_185447_C01.mpr
2026-03-27 18:56:03 [INFO] [BIO] EIS data: t=3.151 s, f=4641.485 Hz, Re(Z)=0.036702 Ohm, -Im(Z)=-0.014293 Ohm
2026-03-27 18:56:03 [INFO] [BIO] Reading EIS value at index 3 from: c:\Users\CV166\Documents\LabWindowsCVI\BatteryApplication\battery-tester\data\BT32_baseline_20260327_145214\phase_3\eis_measurements\geis_20260327_185447_C01.mpr
2026-03-27 18:56:03 [INFO] [BIO] EIS data: t=4.283 s, f=3161.012 Hz, Re(Z)=0.036498 Ohm, -Im(Z)=-0.009571 Ohm
2026-03-27 18:56:03 [INFO] [BIO] Reading EIS value at index 4 from: c:\Users\CV166\Documents\LabWindowsCVI\BatteryApplication\battery-tester\data\BT32_baseline_20260327_145214\phase_3\eis_measurements\geis_20260327_185447_C01.mpr
2026-03-27 18:56:03 [INFO] [BIO] EIS data: t=5.415 s, f=2155.690 Hz, Re(Z)=0.036436 Ohm, -Im(Z)=-0.006309 Ohm
2026-03-27 18:56:03 [INFO] [BIO] Reading EIS value at index 5 from: c:\Users\CV166\Documents\LabWindowsCVI\BatteryApplication\battery-tester\data\BT32_baseline_20260327_145214\phase_3\eis_measurements\geis_20260327_185447_C01.mpr
2026-03-27 18:56:03 [INFO] [BIO] EIS data: t=6.547 s, f=1468.590 Hz, Re(Z)=0.036491 Ohm, -Im(Z)=-0.003959 Ohm
2026-03-27 18:56:03 [INFO] [BIO] Reading EIS value at index 6 from: c:\Users\CV166\Documents\LabWindowsCVI\BatteryApplication\battery-tester\data\BT32_baseline_20260327_145214\phase_3\eis_measurements\geis_20260327_185447_C01.mpr
2026-03-27 18:56:03 [INFO] [BIO] EIS data: t=7.679 s, f=1000.320 Hz, Re(Z)=0.036668 Ohm, -Im(Z)=-0.002401 Ohm
2026-03-27 18:56:03 [INFO] [BIO] Reading EIS value at index 7 from: c:\Users\CV166\Documents\LabWindowsCVI\BatteryApplication\battery-tester\data\BT32_baseline_20260327_145214\phase_3\eis_measurements\geis_20260327_185447_C01.mpr
2026-03-27 18:56:03 [INFO] [BIO] EIS data: t=8.809 s, f=681.090 Hz, Re(Z)=0.036867 Ohm, -Im(Z)=-0.001287 Ohm
2026-03-27 18:56:03 [INFO] [BIO] Reading EIS value at index 8 from: c:\Users\CV166\Documents\LabWindowsCVI\BatteryApplication\battery-tester\data\BT32_baseline_20260327_145214\phase_3\eis_measurements\geis_20260327_185447_C01.mpr
2026-03-27 18:56:03 [INFO] [BIO] EIS data: t=9.941 s, f=463.961 Hz, Re(Z)=0.037127 Ohm, -Im(Z)=-0.000462 Ohm
2026-03-27 18:56:03 [INFO] [BIO] Reading EIS value at index 9 from: c:\Users\CV166\Documents\LabWindowsCVI\BatteryApplication\battery-tester\data\BT32_baseline_20260327_145214\phase_3\eis_measurements\geis_20260327_185447_C01.mpr
2026-03-27 18:56:03 [INFO] [BIO] EIS data: t=11.067 s, f=316.316 Hz, Re(Z)=0.037357 Ohm, -Im(Z)=0.000081 Ohm
2026-03-27 18:56:03 [INFO] [BIO] Reading EIS value at index 10 from: c:\Users\CV166\Documents\LabWindowsCVI\BatteryApplication\battery-tester\data\BT32_baseline_20260327_145214\phase_3\eis_measurements\geis_20260327_185447_C01.mpr
2026-03-27 18:56:03 [INFO] [BIO] EIS data: t=12.197 s, f=215.345 Hz, Re(Z)=0.037661 Ohm, -Im(Z)=0.000470 Ohm
2026-03-27 18:56:03 [INFO] [BIO] Reading EIS value at index 11 from: c:\Users\CV166\Documents\LabWindowsCVI\BatteryApplication\battery-tester\data\BT32_baseline_20260327_145214\phase_3\eis_measurements\geis_20260327_185447_C01.mpr
2026-03-27 18:56:03 [INFO] [BIO] EIS data: t=13.317 s, f=146.737 Hz, Re(Z)=0.037946 Ohm, -Im(Z)=0.000781 Ohm
2026-03-27 18:56:03 [INFO] [BIO] Reading EIS value at index 12 from: c:\Users\CV166\Documents\LabWindowsCVI\BatteryApplication\battery-tester\data\BT32_baseline_20260327_145214\phase_3\eis_measurements\geis_20260327_185447_C01.mpr
2026-03-27 18:56:03 [INFO] [BIO] EIS data: t=14.448 s, f=100.032 Hz, Re(Z)=0.038291 Ohm, -Im(Z)=0.000916 Ohm
2026-03-27 18:56:03 [INFO] [BIO] Reading EIS value at index 13 from: c:\Users\CV166\Documents\LabWindowsCVI\BatteryApplication\battery-tester\data\BT32_baseline_20260327_145214\phase_3\eis_measurements\geis_20260327_185447_C01.mpr
2026-03-27 18:56:03 [INFO] [BIO] EIS data: t=15.607 s, f=68.104 Hz, Re(Z)=0.038588 Ohm, -Im(Z)=0.001083 Ohm
2026-03-27 18:56:03 [INFO] [BIO] Reading EIS value at index 14 from: c:\Users\CV166\Documents\LabWindowsCVI\BatteryApplication\battery-tester\data\BT32_baseline_20260327_145214\phase_3\eis_measurements\geis_20260327_185447_C01.mpr
2026-03-27 18:56:03 [INFO] [BIO] EIS data: t=16.707 s, f=46.442 Hz, Re(Z)=0.038882 Ohm, -Im(Z)=0.001186 Ohm
2026-03-27 18:56:03 [INFO] [BIO] Reading EIS value at index 15 from: c:\Users\CV166\Documents\LabWindowsCVI\BatteryApplication\battery-tester\data\BT32_baseline_20260327_145214\phase_3\eis_measurements\geis_20260327_185447_C01.mpr
2026-03-27 18:56:03 [INFO] [BIO] EIS data: t=17.788 s, f=31.630 Hz, Re(Z)=0.039214 Ohm, -Im(Z)=0.001295 Ohm
2026-03-27 18:56:03 [INFO] [BIO] Reading EIS value at index 16 from: c:\Users\CV166\Documents\LabWindowsCVI\BatteryApplication\battery-tester\data\BT32_baseline_20260327_145214\phase_3\eis_measurements\geis_20260327_185447_C01.mpr
2026-03-27 18:56:03 [INFO] [BIO] EIS data: t=18.849 s, f=21.552 Hz, Re(Z)=0.039512 Ohm, -Im(Z)=0.001404 Ohm
2026-03-27 18:56:03 [INFO] [BIO] Reading EIS value at index 17 from: c:\Users\CV166\Documents\LabWindowsCVI\BatteryApplication\battery-tester\data\BT32_baseline_20260327_145214\phase_3\eis_measurements\geis_20260327_185447_C01.mpr
2026-03-27 18:56:03 [INFO] [BIO] EIS data: t=20.001 s, f=14.685 Hz, Re(Z)=0.039854 Ohm, -Im(Z)=0.001531 Ohm
2026-03-27 18:56:03 [INFO] [BIO] Reading EIS value at index 18 from: c:\Users\CV166\Documents\LabWindowsCVI\BatteryApplication\battery-tester\data\BT32_baseline_20260327_145214\phase_3\eis_measurements\geis_20260327_185447_C01.mpr
2026-03-27 18:56:03 [INFO] [BIO] EIS data: t=71.405 s, f=9.973 Hz, Re(Z)=0.040241 Ohm, -Im(Z)=0.001698 Ohm
2026-03-27 18:56:03 [INFO] [BIO] Reading EIS value at index 19 from: c:\Users\CV166\Documents\LabWindowsCVI\BatteryApplication\battery-tester\data\BT32_baseline_20260327_145214\phase_3\eis_measurements\geis_20260327_185447_C01.mpr
2026-03-27 18:56:03 [INFO] [BIO] EIS data: t=71.405 s, f=6.782 Hz, Re(Z)=0.040662 Ohm, -Im(Z)=0.001893 Ohm
2026-03-27 18:56:03 [INFO] [BIO] Reading EIS value at index 20 from: c:\Users\CV166\Documents\LabWindowsCVI\BatteryApplication\battery-tester\data\BT32_baseline_20260327_145214\phase_3\eis_measurements\geis_20260327_185447_C01.mpr
2026-03-27 18:56:03 [INFO] [BIO] EIS data: t=71.405 s, f=4.687 Hz, Re(Z)=0.041114 Ohm, -Im(Z)=0.002076 Ohm
2026-03-27 18:56:03 [INFO] [BIO] Reading EIS value at index 21 from: c:\Users\CV166\Documents\LabWindowsCVI\BatteryApplication\battery-tester\data\BT32_baseline_20260327_145214\phase_3\eis_measurements\geis_20260327_185447_C01.mpr
2026-03-27 18:56:03 [INFO] [BIO] EIS data: t=71.405 s, f=3.191 Hz, Re(Z)=0.041613 Ohm, -Im(Z)=0.002259 Ohm
2026-03-27 18:56:03 [INFO] [BIO] Reading EIS value at index 22 from: c:\Users\CV166\Documents\LabWindowsCVI\BatteryApplication\battery-tester\data\BT32_baseline_20260327_145214\phase_3\eis_measurements\geis_20260327_185447_C01.mpr
2026-03-27 18:56:03 [INFO] [BIO] EIS data: t=71.405 s, f=2.194 Hz, Re(Z)=0.042106 Ohm, -Im(Z)=0.002463 Ohm
2026-03-27 18:56:03 [INFO] [BIO] Reading EIS value at index 23 from: c:\Users\CV166\Documents\LabWindowsCVI\BatteryApplication\battery-tester\data\BT32_baseline_20260327_145214\phase_3\eis_measurements\geis_20260327_185447_C01.mpr
2026-03-27 18:56:03 [INFO] [BIO] EIS data: t=71.405 s, f=1.496 Hz, Re(Z)=0.042675 Ohm, -Im(Z)=0.002794 Ohm
2026-03-27 18:56:03 [INFO] [BIO] Reading EIS value at index 24 from: c:\Users\CV166\Documents\LabWindowsCVI\BatteryApplication\battery-tester\data\BT32_baseline_20260327_145214\phase_3\eis_measurements\geis_20260327_185447_C01.mpr
2026-03-27 18:56:03 [INFO] [BIO] EIS data: t=71.405 s, f=0.997 Hz, Re(Z)=0.043535 Ohm, -Im(Z)=0.002821 Ohm
2026-03-27 18:56:03 [INFO] [BIO] Reading EIS value at index 25 from: c:\Users\CV166\Documents\LabWindowsCVI\BatteryApplication\battery-tester\data\BT32_baseline_20260327_145214\phase_3\eis_measurements\geis_20260327_185447_C01.mpr
2026-03-27 18:56:03 [INFO] [BIO] EIS data: t=71.405 s, f=0.698 Hz, Re(Z)=0.043702 Ohm, -Im(Z)=0.003288 Ohm
2026-03-27 18:56:03 [INFO] [BIO] Reading EIS value at index 26 from: c:\Users\CV166\Documents\LabWindowsCVI\BatteryApplication\battery-tester\data\BT32_baseline_20260327_145214\phase_3\eis_measurements\geis_20260327_185447_C01.mpr
2026-03-27 18:56:03 [INFO] [BIO] EIS data: t=71.405 s, f=0.499 Hz, Re(Z)=0.044229 Ohm, -Im(Z)=0.003399 Ohm
2026-03-27 18:56:03 [INFO] [BIO] Reading EIS value at index 27 from: c:\Users\CV166\Documents\LabWindowsCVI\BatteryApplication\battery-tester\data\BT32_baseline_20260327_145214\phase_3\eis_measurements\geis_20260327_185447_C01.mpr
2026-03-27 18:56:03 [INFO] [BIO] EIS data: t=71.405 s, f=0.299 Hz, Re(Z)=0.045134 Ohm, -Im(Z)=0.004927 Ohm
2026-03-27 18:56:03 [INFO] [BIO] Reading EIS value at index 28 from: c:\Users\CV166\Documents\LabWindowsCVI\BatteryApplication\battery-tester\data\BT32_baseline_20260327_145214\phase_3\eis_measurements\geis_20260327_185447_C01.mpr
2026-03-27 18:56:03 [INFO] [BIO] EIS data: t=71.405 s, f=0.199 Hz, Re(Z)=0.046532 Ohm, -Im(Z)=0.006295 Ohm
2026-03-27 18:56:03 [INFO] [BIO] Reading EIS value at index 29 from: c:\Users\CV166\Documents\LabWindowsCVI\BatteryApplication\battery-tester\data\BT32_baseline_20260327_145214\phase_3\eis_measurements\geis_20260327_185447_C01.mpr
2026-03-27 18:56:03 [INFO] [BIO] EIS data: t=71.405 s, f=0.100 Hz, Re(Z)=0.046265 Ohm, -Im(Z)=0.005649 Ohm
2026-03-27 18:56:03 [INFO] [BIO] Successfully converted 30 data points
2026-03-27 18:56:03 [INFO] [BIO] GEIS measurement completed successfully
2026-03-27 18:56:03 [INFO] Relaxation EIS #5 completed at 0.0% SOC (OCV: 2.80461788 V, relaxation: 481 s)
2026-03-27 18:56:32 [INFO] Relaxation EIS #6 at 0.0% SOC (relaxation time: 600 s)
2026-03-27 18:56:32 [INFO] [BIO] Starting OCV measurement via EC-Lab
2026-03-27 18:56:32 [INFO] [BIO]   Settings: C:\Users\CV166\Documents\LabWindowsCVI\BatteryApplication\battery-tester\eclab_settings\ocv_default.mps
2026-03-27 18:56:32 [INFO] [BIO]   Output: c:\Users\CV166\Documents\LabWindowsCVI\BatteryApplication\battery-tester\data\BT32_baseline_20260327_145214\phase_3\eis_measurements\ocv_20260327_185632_C01.mpr
2026-03-27 18:56:32 [INFO] [BIO] Loading settings from: C:\Users\CV166\Documents\LabWindowsCVI\BatteryApplication\battery-tester\eclab_settings\ocv_default.mps
2026-03-27 18:56:32 [INFO] [BIO] Settings loaded successfully
2026-03-27 18:56:32 [INFO] [BIO] Starting measurement, output: c:\Users\CV166\Documents\LabWindowsCVI\BatteryApplication\battery-tester\data\BT32_baseline_20260327_145214\phase_3\eis_measurements\ocv_20260327_185632_C01.mpr
2026-03-27 18:56:32 [INFO] [BIO] Measurement started
2026-03-27 18:56:32 [INFO] [BIO] Monitoring measurement (timeout: 60000 ms)
2026-03-27 18:56:32 [INFO] [BIO] Status: 0, Technique: 11, Time: 71.5 s, Ewe: 2.8097 V, I: 0.0000 A
2026-03-27 18:56:35 [INFO] [BIO] Measurement started running
2026-03-27 18:56:37 [INFO] [BIO] Status: 1, Technique: 11, Time: 2.5 s, Ewe: 2.8100 V, I: 0.0000 A
2026-03-27 18:56:43 [INFO] [BIO] Status: 1, Technique: 11, Time: 8.0 s, Ewe: 2.8098 V, I: 0.0000 A
2026-03-27 18:56:45 [INFO] [BIO] Measurement completed (10.0 s, Ewe: 2.8103 V)
2026-03-27 18:56:46 [INFO] [BIO] Converting .mpr file to BIO_TechniqueData: c:\Users\CV166\Documents\LabWindowsCVI\BatteryApplication\battery-tester\data\BT32_baseline_20260327_145214\phase_3\eis_measurements\ocv_20260327_185632_C01.mpr
2026-03-27 18:56:46 [INFO] [BIO] Reading number of points from: c:\Users\CV166\Documents\LabWindowsCVI\BatteryApplication\battery-tester\data\BT32_baseline_20260327_145214\phase_3\eis_measurements\ocv_20260327_185632_C01.mpr
2026-03-27 18:56:46 [INFO] [BIO] File contains 10 data points
2026-03-27 18:56:46 [INFO] [BIO] Reading 10 data points from .mpr file
2026-03-27 18:56:46 [INFO] [BIO] Reading DC value at index 0 from: c:\Users\CV166\Documents\LabWindowsCVI\BatteryApplication\battery-tester\data\BT32_baseline_20260327_145214\phase_3\eis_measurements\ocv_20260327_185632_C01.mpr
2026-03-27 18:56:46 [INFO] [BIO] DC data: t=1.000 s, V=2.809935 V, I=0.000000 mA
2026-03-27 18:56:46 [INFO] [BIO] Reading DC value at index 1 from: c:\Users\CV166\Documents\LabWindowsCVI\BatteryApplication\battery-tester\data\BT32_baseline_20260327_145214\phase_3\eis_measurements\ocv_20260327_185632_C01.mpr
2026-03-27 18:56:46 [INFO] [BIO] DC data: t=2.000 s, V=2.809773 V, I=0.000000 mA
2026-03-27 18:56:46 [INFO] [BIO] Reading DC value at index 2 from: c:\Users\CV166\Documents\LabWindowsCVI\BatteryApplication\battery-tester\data\BT32_baseline_20260327_145214\phase_3\eis_measurements\ocv_20260327_185632_C01.mpr
2026-03-27 18:56:46 [INFO] [BIO] DC data: t=3.000 s, V=2.809819 V, I=0.000000 mA
2026-03-27 18:56:46 [INFO] [BIO] Reading DC value at index 3 from: c:\Users\CV166\Documents\LabWindowsCVI\BatteryApplication\battery-tester\data\BT32_baseline_20260327_145214\phase_3\eis_measurements\ocv_20260327_185632_C01.mpr
2026-03-27 18:56:46 [INFO] [BIO] DC data: t=4.000 s, V=2.809857 V, I=0.000000 mA
2026-03-27 18:56:46 [INFO] [BIO] Reading DC value at index 4 from: c:\Users\CV166\Documents\LabWindowsCVI\BatteryApplication\battery-tester\data\BT32_baseline_20260327_145214\phase_3\eis_measurements\ocv_20260327_185632_C01.mpr
2026-03-27 18:56:46 [INFO] [BIO] DC data: t=5.000 s, V=2.809907 V, I=0.000000 mA
2026-03-27 18:56:46 [INFO] [BIO] Reading DC value at index 5 from: c:\Users\CV166\Documents\LabWindowsCVI\BatteryApplication\battery-tester\data\BT32_baseline_20260327_145214\phase_3\eis_measurements\ocv_20260327_185632_C01.mpr
2026-03-27 18:56:46 [INFO] [BIO] DC data: t=6.000 s, V=2.809955 V, I=0.000000 mA
2026-03-27 18:56:46 [INFO] [BIO] Reading DC value at index 6 from: c:\Users\CV166\Documents\LabWindowsCVI\BatteryApplication\battery-tester\data\BT32_baseline_20260327_145214\phase_3\eis_measurements\ocv_20260327_185632_C01.mpr
2026-03-27 18:56:46 [INFO] [BIO] DC data: t=7.000 s, V=2.810003 V, I=0.000000 mA
2026-03-27 18:56:46 [INFO] [BIO] Reading DC value at index 7 from: c:\Users\CV166\Documents\LabWindowsCVI\BatteryApplication\battery-tester\data\BT32_baseline_20260327_145214\phase_3\eis_measurements\ocv_20260327_185632_C01.mpr
2026-03-27 18:56:46 [INFO] [BIO] DC data: t=8.000 s, V=2.810051 V, I=0.000000 mA
2026-03-27 18:56:46 [INFO] [BIO] Reading DC value at index 8 from: c:\Users\CV166\Documents\LabWindowsCVI\BatteryApplication\battery-tester\data\BT32_baseline_20260327_145214\phase_3\eis_measurements\ocv_20260327_185632_C01.mpr
2026-03-27 18:56:46 [INFO] [BIO] DC data: t=9.000 s, V=2.810100 V, I=0.000000 mA
2026-03-27 18:56:46 [INFO] [BIO] Reading DC value at index 9 from: c:\Users\CV166\Documents\LabWindowsCVI\BatteryApplication\battery-tester\data\BT32_baseline_20260327_145214\phase_3\eis_measurements\ocv_20260327_185632_C01.mpr
2026-03-27 18:56:46 [INFO] [BIO] DC data: t=10.000 s, V=2.810151 V, I=0.000000 mA
2026-03-27 18:56:46 [INFO] [BIO] Successfully converted 10 data points
2026-03-27 18:56:46 [INFO] [BIO] OCV measurement completed successfully
2026-03-27 18:56:46 [INFO] [BIO] Starting GEIS measurement via EC-Lab
2026-03-27 18:56:46 [INFO] [BIO]   Settings: C:\Users\CV166\Documents\LabWindowsCVI\BatteryApplication\battery-tester\eclab_settings\geis_default.mps
2026-03-27 18:56:46 [INFO] [BIO]   Output: c:\Users\CV166\Documents\LabWindowsCVI\BatteryApplication\battery-tester\data\BT32_baseline_20260327_145214\phase_3\eis_measurements\geis_20260327_185646_C01.mpr
2026-03-27 18:56:46 [INFO] [BIO] Loading settings from: C:\Users\CV166\Documents\LabWindowsCVI\BatteryApplication\battery-tester\eclab_settings\geis_default.mps
2026-03-27 18:56:46 [INFO] [BIO] Settings loaded successfully
2026-03-27 18:56:46 [INFO] [BIO] Starting measurement, output: c:\Users\CV166\Documents\LabWindowsCVI\BatteryApplication\battery-tester\data\BT32_baseline_20260327_145214\phase_3\eis_measurements\geis_20260327_185646_C01.mpr
2026-03-27 18:56:47 [INFO] [BIO] Measurement started
2026-03-27 18:56:47 [INFO] [BIO] Monitoring measurement (timeout: 300000 ms)
2026-03-27 18:56:47 [INFO] [BIO] Status: 0, Technique: 30, Time: 10.0 s, Ewe: 2.8102 V, I: 0.0000 A
2026-03-27 18:56:50 [INFO] [BIO] Measurement started running
2026-03-27 18:56:52 [INFO] [BIO] Status: 1, Technique: 30, Time: 2.5 s, Ewe: 2.8270 V, I: 493.6729 A
2026-03-27 18:56:57 [INFO] [BIO] Status: 1, Technique: 30, Time: 7.8 s, Ewe: 2.8048 V, I: -336.3363 A
2026-03-27 18:57:03 [INFO] [BIO] Status: 1, Technique: 30, Time: 13.2 s, Ewe: 2.7983 V, I: -460.5631 A
2026-03-27 18:57:08 [INFO] [BIO] Status: 1, Technique: 30, Time: 18.5 s, Ewe: 2.8014 V, I: -150.7967 A
2026-03-27 18:57:13 [INFO] [BIO] Status: 1, Technique: 30, Time: 23.9 s, Ewe: 2.8066 V, I: -67.5975 A
2026-03-27 18:57:19 [INFO] [BIO] Status: 1, Technique: 30, Time: 29.2 s, Ewe: 2.8146 V, I: -8.3121 A
2026-03-27 18:57:24 [INFO] [BIO] Status: 1, Technique: 30, Time: 34.6 s, Ewe: 2.8124 V, I: -46.0733 A
2026-03-27 18:57:29 [INFO] [BIO] Status: 1, Technique: 30, Time: 40.0 s, Ewe: 2.8261 V, I: 245.3527 A
2026-03-27 18:57:35 [INFO] [BIO] Status: 1, Technique: 30, Time: 45.4 s, Ewe: 2.8220 V, I: 190.9542 A
2026-03-27 18:57:40 [INFO] [BIO] Status: 1, Technique: 30, Time: 50.9 s, Ewe: 2.8009 V, I: -203.2188 A
2026-03-27 18:57:46 [INFO] [BIO] Status: 1, Technique: 30, Time: 56.3 s, Ewe: 2.8192 V, I: 101.8385 A
2026-03-27 18:57:51 [INFO] [BIO] Status: 1, Technique: 30, Time: 61.6 s, Ewe: 2.8160 V, I: 111.3455 A
2026-03-27 18:57:57 [INFO] [BIO] Status: 1, Technique: 30, Time: 67.1 s, Ewe: 2.8069 V, I: -253.9569 A
2026-03-27 18:58:01 [INFO] [BIO] Measurement completed (71.5 s, Ewe: 2.8173 V)
2026-03-27 18:58:02 [INFO] [BIO] Converting .mpr file to BIO_TechniqueData: c:\Users\CV166\Documents\LabWindowsCVI\BatteryApplication\battery-tester\data\BT32_baseline_20260327_145214\phase_3\eis_measurements\geis_20260327_185646_C01.mpr
2026-03-27 18:58:02 [INFO] [BIO] Reading number of points from: c:\Users\CV166\Documents\LabWindowsCVI\BatteryApplication\battery-tester\data\BT32_baseline_20260327_145214\phase_3\eis_measurements\geis_20260327_185646_C01.mpr
2026-03-27 18:58:02 [INFO] [BIO] File contains 30 data points
2026-03-27 18:58:02 [INFO] [BIO] Reading 30 data points from .mpr file
2026-03-27 18:58:02 [INFO] [BIO] Reading EIS value at index 0 from: c:\Users\CV166\Documents\LabWindowsCVI\BatteryApplication\battery-tester\data\BT32_baseline_20260327_145214\phase_3\eis_measurements\geis_20260327_185646_C01.mpr
2026-03-27 18:58:02 [INFO] [BIO] EIS data: t=1.124 s, f=10002.226 Hz, Re(Z)=0.037808 Ohm, -Im(Z)=-0.030514 Ohm
2026-03-27 18:58:02 [INFO] [BIO] Reading EIS value at index 1 from: c:\Users\CV166\Documents\LabWindowsCVI\BatteryApplication\battery-tester\data\BT32_baseline_20260327_145214\phase_3\eis_measurements\geis_20260327_185646_C01.mpr
2026-03-27 18:58:02 [INFO] [BIO] EIS data: t=2.021 s, f=6811.067 Hz, Re(Z)=0.037067 Ohm, -Im(Z)=-0.020939 Ohm
2026-03-27 18:58:02 [INFO] [BIO] Reading EIS value at index 2 from: c:\Users\CV166\Documents\LabWindowsCVI\BatteryApplication\battery-tester\data\BT32_baseline_20260327_145214\phase_3\eis_measurements\geis_20260327_185646_C01.mpr
2026-03-27 18:58:02 [INFO] [BIO] EIS data: t=3.152 s, f=4641.485 Hz, Re(Z)=0.036677 Ohm, -Im(Z)=-0.014292 Ohm
2026-03-27 18:58:02 [INFO] [BIO] Reading EIS value at index 3 from: c:\Users\CV166\Documents\LabWindowsCVI\BatteryApplication\battery-tester\data\BT32_baseline_20260327_145214\phase_3\eis_measurements\geis_20260327_185646_C01.mpr
2026-03-27 18:58:02 [INFO] [BIO] EIS data: t=4.284 s, f=3161.012 Hz, Re(Z)=0.036506 Ohm, -Im(Z)=-0.009584 Ohm
2026-03-27 18:58:02 [INFO] [BIO] Reading EIS value at index 4 from: c:\Users\CV166\Documents\LabWindowsCVI\BatteryApplication\battery-tester\data\BT32_baseline_20260327_145214\phase_3\eis_measurements\geis_20260327_185646_C01.mpr
2026-03-27 18:58:02 [INFO] [BIO] EIS data: t=5.416 s, f=2155.690 Hz, Re(Z)=0.036435 Ohm, -Im(Z)=-0.006278 Ohm
2026-03-27 18:58:02 [INFO] [BIO] Reading EIS value at index 5 from: c:\Users\CV166\Documents\LabWindowsCVI\BatteryApplication\battery-tester\data\BT32_baseline_20260327_145214\phase_3\eis_measurements\geis_20260327_185646_C01.mpr
2026-03-27 18:58:02 [INFO] [BIO] EIS data: t=6.548 s, f=1468.590 Hz, Re(Z)=0.036498 Ohm, -Im(Z)=-0.004036 Ohm
2026-03-27 18:58:02 [INFO] [BIO] Reading EIS value at index 6 from: c:\Users\CV166\Documents\LabWindowsCVI\BatteryApplication\battery-tester\data\BT32_baseline_20260327_145214\phase_3\eis_measurements\geis_20260327_185646_C01.mpr
2026-03-27 18:58:02 [INFO] [BIO] EIS data: t=7.680 s, f=1000.320 Hz, Re(Z)=0.036613 Ohm, -Im(Z)=-0.002376 Ohm
2026-03-27 18:58:02 [INFO] [BIO] Reading EIS value at index 7 from: c:\Users\CV166\Documents\LabWindowsCVI\BatteryApplication\battery-tester\data\BT32_baseline_20260327_145214\phase_3\eis_measurements\geis_20260327_185646_C01.mpr
2026-03-27 18:58:02 [INFO] [BIO] EIS data: t=8.811 s, f=681.090 Hz, Re(Z)=0.036862 Ohm, -Im(Z)=-0.001202 Ohm
2026-03-27 18:58:02 [INFO] [BIO] Reading EIS value at index 8 from: c:\Users\CV166\Documents\LabWindowsCVI\BatteryApplication\battery-tester\data\BT32_baseline_20260327_145214\phase_3\eis_measurements\geis_20260327_185646_C01.mpr
2026-03-27 18:58:02 [INFO] [BIO] EIS data: t=9.943 s, f=463.961 Hz, Re(Z)=0.037116 Ohm, -Im(Z)=-0.000484 Ohm
2026-03-27 18:58:02 [INFO] [BIO] Reading EIS value at index 9 from: c:\Users\CV166\Documents\LabWindowsCVI\BatteryApplication\battery-tester\data\BT32_baseline_20260327_145214\phase_3\eis_measurements\geis_20260327_185646_C01.mpr
2026-03-27 18:58:02 [INFO] [BIO] EIS data: t=11.069 s, f=316.316 Hz, Re(Z)=0.037388 Ohm, -Im(Z)=0.000090 Ohm
2026-03-27 18:58:02 [INFO] [BIO] Reading EIS value at index 10 from: c:\Users\CV166\Documents\LabWindowsCVI\BatteryApplication\battery-tester\data\BT32_baseline_20260327_145214\phase_3\eis_measurements\geis_20260327_185646_C01.mpr
2026-03-27 18:58:02 [INFO] [BIO] EIS data: t=12.200 s, f=215.345 Hz, Re(Z)=0.037661 Ohm, -Im(Z)=0.000516 Ohm
2026-03-27 18:58:02 [INFO] [BIO] Reading EIS value at index 11 from: c:\Users\CV166\Documents\LabWindowsCVI\BatteryApplication\battery-tester\data\BT32_baseline_20260327_145214\phase_3\eis_measurements\geis_20260327_185646_C01.mpr
2026-03-27 18:58:02 [INFO] [BIO] EIS data: t=13.320 s, f=146.737 Hz, Re(Z)=0.037968 Ohm, -Im(Z)=0.000784 Ohm
2026-03-27 18:58:02 [INFO] [BIO] Reading EIS value at index 12 from: c:\Users\CV166\Documents\LabWindowsCVI\BatteryApplication\battery-tester\data\BT32_baseline_20260327_145214\phase_3\eis_measurements\geis_20260327_185646_C01.mpr
2026-03-27 18:58:02 [INFO] [BIO] EIS data: t=14.451 s, f=100.032 Hz, Re(Z)=0.038310 Ohm, -Im(Z)=0.000953 Ohm
2026-03-27 18:58:02 [INFO] [BIO] Reading EIS value at index 13 from: c:\Users\CV166\Documents\LabWindowsCVI\BatteryApplication\battery-tester\data\BT32_baseline_20260327_145214\phase_3\eis_measurements\geis_20260327_185646_C01.mpr
2026-03-27 18:58:02 [INFO] [BIO] EIS data: t=15.610 s, f=68.104 Hz, Re(Z)=0.038601 Ohm, -Im(Z)=0.001071 Ohm
2026-03-27 18:58:02 [INFO] [BIO] Reading EIS value at index 14 from: c:\Users\CV166\Documents\LabWindowsCVI\BatteryApplication\battery-tester\data\BT32_baseline_20260327_145214\phase_3\eis_measurements\geis_20260327_185646_C01.mpr
2026-03-27 18:58:02 [INFO] [BIO] EIS data: t=16.709 s, f=46.442 Hz, Re(Z)=0.038904 Ohm, -Im(Z)=0.001187 Ohm
2026-03-27 18:58:02 [INFO] [BIO] Reading EIS value at index 15 from: c:\Users\CV166\Documents\LabWindowsCVI\BatteryApplication\battery-tester\data\BT32_baseline_20260327_145214\phase_3\eis_measurements\geis_20260327_185646_C01.mpr
2026-03-27 18:58:02 [INFO] [BIO] EIS data: t=17.790 s, f=31.630 Hz, Re(Z)=0.039207 Ohm, -Im(Z)=0.001303 Ohm
2026-03-27 18:58:02 [INFO] [BIO] Reading EIS value at index 16 from: c:\Users\CV166\Documents\LabWindowsCVI\BatteryApplication\battery-tester\data\BT32_baseline_20260327_145214\phase_3\eis_measurements\geis_20260327_185646_C01.mpr
2026-03-27 18:58:02 [INFO] [BIO] EIS data: t=18.851 s, f=21.552 Hz, Re(Z)=0.039512 Ohm, -Im(Z)=0.001413 Ohm
2026-03-27 18:58:02 [INFO] [BIO] Reading EIS value at index 17 from: c:\Users\CV166\Documents\LabWindowsCVI\BatteryApplication\battery-tester\data\BT32_baseline_20260327_145214\phase_3\eis_measurements\geis_20260327_185646_C01.mpr
2026-03-27 18:58:02 [INFO] [BIO] EIS data: t=20.003 s, f=14.685 Hz, Re(Z)=0.039864 Ohm, -Im(Z)=0.001525 Ohm
2026-03-27 18:58:02 [INFO] [BIO] Reading EIS value at index 18 from: c:\Users\CV166\Documents\LabWindowsCVI\BatteryApplication\battery-tester\data\BT32_baseline_20260327_145214\phase_3\eis_measurements\geis_20260327_185646_C01.mpr
2026-03-27 18:58:02 [INFO] [BIO] EIS data: t=71.407 s, f=9.973 Hz, Re(Z)=0.040240 Ohm, -Im(Z)=0.001702 Ohm
2026-03-27 18:58:02 [INFO] [BIO] Reading EIS value at index 19 from: c:\Users\CV166\Documents\LabWindowsCVI\BatteryApplication\battery-tester\data\BT32_baseline_20260327_145214\phase_3\eis_measurements\geis_20260327_185646_C01.mpr
2026-03-27 18:58:02 [INFO] [BIO] EIS data: t=71.407 s, f=6.782 Hz, Re(Z)=0.040670 Ohm, -Im(Z)=0.001882 Ohm
2026-03-27 18:58:02 [INFO] [BIO] Reading EIS value at index 20 from: c:\Users\CV166\Documents\LabWindowsCVI\BatteryApplication\battery-tester\data\BT32_baseline_20260327_145214\phase_3\eis_measurements\geis_20260327_185646_C01.mpr
2026-03-27 18:58:02 [INFO] [BIO] EIS data: t=71.407 s, f=4.687 Hz, Re(Z)=0.041113 Ohm, -Im(Z)=0.002049 Ohm
2026-03-27 18:58:02 [INFO] [BIO] Reading EIS value at index 21 from: c:\Users\CV166\Documents\LabWindowsCVI\BatteryApplication\battery-tester\data\BT32_baseline_20260327_145214\phase_3\eis_measurements\geis_20260327_185646_C01.mpr
2026-03-27 18:58:02 [INFO] [BIO] EIS data: t=71.407 s, f=3.191 Hz, Re(Z)=0.041619 Ohm, -Im(Z)=0.002251 Ohm
2026-03-27 18:58:02 [INFO] [BIO] Reading EIS value at index 22 from: c:\Users\CV166\Documents\LabWindowsCVI\BatteryApplication\battery-tester\data\BT32_baseline_20260327_145214\phase_3\eis_measurements\geis_20260327_185646_C01.mpr
2026-03-27 18:58:02 [INFO] [BIO] EIS data: t=71.407 s, f=2.194 Hz, Re(Z)=0.042108 Ohm, -Im(Z)=0.002455 Ohm
2026-03-27 18:58:02 [INFO] [BIO] Reading EIS value at index 23 from: c:\Users\CV166\Documents\LabWindowsCVI\BatteryApplication\battery-tester\data\BT32_baseline_20260327_145214\phase_3\eis_measurements\geis_20260327_185646_C01.mpr
2026-03-27 18:58:02 [INFO] [BIO] EIS data: t=71.408 s, f=1.496 Hz, Re(Z)=0.042663 Ohm, -Im(Z)=0.002775 Ohm
2026-03-27 18:58:02 [INFO] [BIO] Reading EIS value at index 24 from: c:\Users\CV166\Documents\LabWindowsCVI\BatteryApplication\battery-tester\data\BT32_baseline_20260327_145214\phase_3\eis_measurements\geis_20260327_185646_C01.mpr
2026-03-27 18:58:02 [INFO] [BIO] EIS data: t=71.408 s, f=0.997 Hz, Re(Z)=0.043523 Ohm, -Im(Z)=0.002787 Ohm
2026-03-27 18:58:02 [INFO] [BIO] Reading EIS value at index 25 from: c:\Users\CV166\Documents\LabWindowsCVI\BatteryApplication\battery-tester\data\BT32_baseline_20260327_145214\phase_3\eis_measurements\geis_20260327_185646_C01.mpr
2026-03-27 18:58:02 [INFO] [BIO] EIS data: t=71.408 s, f=0.698 Hz, Re(Z)=0.043690 Ohm, -Im(Z)=0.003247 Ohm
2026-03-27 18:58:02 [INFO] [BIO] Reading EIS value at index 26 from: c:\Users\CV166\Documents\LabWindowsCVI\BatteryApplication\battery-tester\data\BT32_baseline_20260327_145214\phase_3\eis_measurements\geis_20260327_185646_C01.mpr
2026-03-27 18:58:02 [INFO] [BIO] EIS data: t=71.408 s, f=0.499 Hz, Re(Z)=0.044212 Ohm, -Im(Z)=0.003364 Ohm
2026-03-27 18:58:02 [INFO] [BIO] Reading EIS value at index 27 from: c:\Users\CV166\Documents\LabWindowsCVI\BatteryApplication\battery-tester\data\BT32_baseline_20260327_145214\phase_3\eis_measurements\geis_20260327_185646_C01.mpr
2026-03-27 18:58:02 [INFO] [BIO] EIS data: t=71.408 s, f=0.299 Hz, Re(Z)=0.045104 Ohm, -Im(Z)=0.004846 Ohm
2026-03-27 18:58:02 [INFO] [BIO] Reading EIS value at index 28 from: c:\Users\CV166\Documents\LabWindowsCVI\BatteryApplication\battery-tester\data\BT32_baseline_20260327_145214\phase_3\eis_measurements\geis_20260327_185646_C01.mpr
2026-03-27 18:58:02 [INFO] [BIO] EIS data: t=71.408 s, f=0.199 Hz, Re(Z)=0.046480 Ohm, -Im(Z)=0.006184 Ohm
2026-03-27 18:58:02 [INFO] [BIO] Reading EIS value at index 29 from: c:\Users\CV166\Documents\LabWindowsCVI\BatteryApplication\battery-tester\data\BT32_baseline_20260327_145214\phase_3\eis_measurements\geis_20260327_185646_C01.mpr
2026-03-27 18:58:02 [INFO] [BIO] EIS data: t=71.409 s, f=0.100 Hz, Re(Z)=0.046289 Ohm, -Im(Z)=0.005600 Ohm
2026-03-27 18:58:02 [INFO] [BIO] Successfully converted 30 data points
2026-03-27 18:58:02 [INFO] [BIO] GEIS measurement completed successfully
2026-03-27 18:58:02 [INFO] Relaxation EIS #6 completed at 0.0% SOC (OCV: 2.81015134 V, relaxation: 600 s)
2026-03-27 18:58:02 [INFO] Relaxation EIS series complete: 6 measurements over 698 seconds
2026-03-27 18:58:02 [INFO] Starting Phase 3 charging with EIS measurements...
2026-03-27 18:58:02 [INFO] Switching to PSB...
2026-03-27 18:58:02 [INFO] [PSB] Setting output: OFF
2026-03-27 18:58:03 [INFO] RELAY DIAG: PSB voltage BEFORE relay connect (output OFF): 2.8130 V
2026-03-27 18:58:04 [INFO] RELAY DIAG: PSB voltage AFTER relay connect (output OFF): 2.8130 V
2026-03-27 18:58:04 [WARN] RELAY DIAG: Voltage unchanged (delta=0.0000V) - sense wires may bypass relay, or relay was already connected
2026-03-27 18:58:04 [INFO] [PSB] Setting output: ON
2026-03-27 18:58:04 [INFO] Successfully switched to PSB (output enabled)
2026-03-27 18:58:04 [INFO] === Configuring PSB for Phase 3 charging (original working pattern) ===
2026-03-27 18:58:04 [INFO]   Target: V=4.200V, I=3.300A
2026-03-27 18:58:04 [INFO]   Power limits: 20W (set by initialization)
2026-03-27 18:58:04 [INFO] Setting source current (REG 501) to 3.300 A
2026-03-27 18:58:04 [INFO] [PSB] Setting current: 3.30A
2026-03-27 18:58:05 [INFO] Setting sink current (REG 499) to 5.000 A
2026-03-27 18:58:05 [INFO] [PSB] Setting sink current: 5.00A
2026-03-27 18:58:05 [INFO] Setting voltage (REG 500) to 4.200 V
2026-03-27 18:58:05 [INFO] [PSB] Setting voltage: 4.20V
2026-03-27 18:58:05 [INFO] PSB configured: REG 500=4.200V, REG 501=3.300A (power limits from init)
2026-03-27 18:58:05 [INFO] [PSB] 
2026-03-27 18:58:05 [INFO] [PSB] ======================================================
2026-03-27 18:58:05 [INFO] [PSB] PSB COMPLETE REGISTER DUMP: After Phase 3 charging configuration
2026-03-27 18:58:05 [INFO] [PSB] ======================================================
2026-03-27 18:58:05 [INFO] [PSB] SETPOINT REGISTERS:
2026-03-27 18:58:05 [INFO] [PSB] -------------------
2026-03-27 18:58:05 [INFO] [PSB]   REG 498 (SINK_MODE_POWER):       20.38 W
2026-03-27 18:58:06 [INFO] [PSB]   REG 499 (SINK_MODE_CURRENT):     5.10 A
2026-03-27 18:58:06 [INFO] [PSB]   REG 500 (SET_VOLTAGE):           4.28 V
2026-03-27 18:58:06 [INFO] [PSB]   REG 501 (SET_CURRENT):           3.37 A
2026-03-27 18:58:06 [INFO] [PSB]   REG 502 (SET_POWER_SOURCE):      20.38 W
2026-03-27 18:58:06 [INFO] [PSB] 
2026-03-27 18:58:06 [INFO] [PSB] LIMIT REGISTERS:
2026-03-27 18:58:06 [INFO] [PSB] ----------------
2026-03-27 18:58:06 [INFO] [PSB]   REG 9000 (VOLTAGE_MAX):          62.42 V
2026-03-27 18:58:06 [INFO] [PSB]   REG 9001 (VOLTAGE_MIN):          0.00 V
2026-03-27 18:58:06 [INFO] [PSB]   REG 9002 (CURRENT_MAX/SRC):      62.42 A
2026-03-27 18:58:06 [INFO] [PSB]   REG 9003 (CURRENT_MIN/SRC):      0.00 A
2026-03-27 18:58:06 [INFO] [PSB]   REG 9004 (POWER_MAX/SRC):        1248.47 W
2026-03-27 18:58:06 [ERROR] [PSB] Read response byte count mismatch - got 4, expected 2
2026-03-27 18:58:06 [INFO] [PSB]   REG 9005 (SINK_POWER_MAX):       [ERROR] -999.00 W (read failed)
2026-03-27 18:58:07 [ERROR] [PSB] Timeout - read 7 of 9 bytes
2026-03-27 18:58:07 [ERROR] [PSB] Failed to get PSB status: Timeout error
2026-03-27 18:58:07 [ERROR] [PSB] Timeout - read 0 of 5 bytes
2026-03-27 18:58:07 [INFO] [PSB]   REG 9008 (SINK_CURRENT_MAX):     [ERROR] -999.00 A (read failed)
2026-03-27 18:58:08 [INFO] [PSB]   REG 9009 (SINK_CURRENT_MIN):     0.00 A
2026-03-27 18:58:08 [INFO] [PSB] 
2026-03-27 18:58:08 [INFO] [PSB] DEVICE STATE:
2026-03-27 18:58:08 [INFO] [PSB] -------------
2026-03-27 18:58:08 [INFO] [PSB]   REG 505 (DEVICE_STATE):          0x00004883
2026-03-27 18:58:08 [INFO] [PSB]     Regulation Mode:               CV (SOURCE mode)
2026-03-27 18:58:08 [INFO] [PSB]     Output Enabled:                YES
2026-03-27 18:58:08 [INFO] [PSB]     Remote Mode:                   YES
2026-03-27 18:58:08 [INFO] [PSB]     Control Location:              3
2026-03-27 18:58:08 [INFO] [PSB] 
2026-03-27 18:58:08 [INFO] [PSB] ACTUAL VALUES:
2026-03-27 18:58:08 [INFO] [PSB] --------------
2026-03-27 18:58:08 [INFO] [PSB]   Voltage:                         4.198 V
2026-03-27 18:58:08 [INFO] [PSB]   Current:                         0.000 A
2026-03-27 18:58:08 [INFO] [PSB]   Power:                           0.00 W
2026-03-27 18:58:08 [INFO] [PSB] ======================================================
2026-03-27 18:58:08 [INFO] [PSB] 
2026-03-27 18:58:08 [INFO] DIAGNOSTIC: PSB status after configuration:
2026-03-27 18:58:08 [INFO]   - Regulation Mode: 0 = CV (Constant Voltage)
2026-03-27 18:58:08 [INFO]   - Output Enabled: 1
2026-03-27 18:58:08 [INFO]   - Remote Mode: 1
2026-03-27 18:58:08 [INFO]   - Actual V=4.198V, I=0.000A, P=0.000W
2026-03-27 18:58:08 [INFO]   - Raw State: 0x00004883
2026-03-27 18:58:08 [INFO] DIAGNOSTIC: PSB correctly in CV mode
2026-03-27 18:58:08 [INFO] DIAGNOSTIC: Enabling PSB output
2026-03-27 18:58:08 [INFO] [PSB] Setting output: ON
2026-03-27 18:58:08 [INFO] Waiting for PSB output to stabilize...
2026-03-27 18:58:10 [INFO] ==========================================================
2026-03-27 18:58:10 [INFO] CRITICAL DIAGNOSTIC: After output enable + stabilization:
2026-03-27 18:58:10 [INFO] ==========================================================
2026-03-27 18:58:10 [INFO]   PSB Mode: CV (SOURCE mode)
2026-03-27 18:58:10 [INFO]   Voltage: 4.198 V (target: 4.200 V)
2026-03-27 18:58:10 [INFO]   Current: 0.000 A
2026-03-27 18:58:10 [INFO]   Power: 0.00 W
2026-03-27 18:58:10 [INFO]   Device State (raw): 0x00004883
2026-03-27 18:58:10 [INFO]   Output Enabled: YES
2026-03-27 18:58:10 [INFO] ==========================================================
2026-03-27 18:58:10 [INFO] SUCCESS: PSB correctly in CV SOURCE mode for charging
2026-03-27 18:58:10 [INFO] === DIAGNOSTIC: PSB configuration complete ===
2026-03-27 18:58:10 [INFO] Phase 3 charging started with EIS interruptions at 10.0% SOC intervals
2026-03-27 18:58:14 [INFO] Phase 3 charging completed - current below threshold for 5 consecutive readings
2026-03-27 18:58:14 [INFO] Final SOC: 0.0%, Final current: 0.000 A
2026-03-27 18:58:14 [INFO] [PSB] Setting output: OFF
2026-03-27 18:58:14 [INFO] Taking final EIS measurement at 0.0% SOC
2026-03-27 18:58:14 [INFO] Added dynamic EIS target: 0.0% SOC
2026-03-27 18:58:14 [INFO] Switching to BioLogic...
2026-03-27 18:58:14 [INFO] [PSB] Setting output: OFF
2026-03-27 18:58:15 [INFO] Successfully switched to BioLogic
2026-03-27 18:58:15 [INFO] [BIO] EC-Lab data directory set to: c:\Users\CV166\Documents\LabWindowsCVI\BatteryApplication\battery-tester\data\BT32_baseline_20260327_145214\phase_3\eis_measurements
2026-03-27 18:58:15 [INFO] Starting relaxation EIS series at 0.0% SOC: measurement every 120s for 600s
2026-03-27 18:58:22 [INFO] Relaxation EIS #1 at 0.0% SOC (relaxation time: 0 s)
2026-03-27 18:58:22 [INFO] [BIO] Starting OCV measurement via EC-Lab
2026-03-27 18:58:22 [INFO] [BIO]   Settings: C:\Users\CV166\Documents\LabWindowsCVI\BatteryApplication\battery-tester\eclab_settings\ocv_default.mps
2026-03-27 18:58:22 [INFO] [BIO]   Output: c:\Users\CV166\Documents\LabWindowsCVI\BatteryApplication\battery-tester\data\BT32_baseline_20260327_145214\phase_3\eis_measurements\ocv_20260327_185822_C01.mpr
2026-03-27 18:58:22 [INFO] [BIO] Loading settings from: C:\Users\CV166\Documents\LabWindowsCVI\BatteryApplication\battery-tester\eclab_settings\ocv_default.mps
2026-03-27 18:58:22 [INFO] [BIO] Settings loaded successfully
2026-03-27 18:58:22 [INFO] [BIO] Starting measurement, output: c:\Users\CV166\Documents\LabWindowsCVI\BatteryApplication\battery-tester\data\BT32_baseline_20260327_145214\phase_3\eis_measurements\ocv_20260327_185822_C01.mpr
2026-03-27 18:58:23 [INFO] [BIO] Measurement started
2026-03-27 18:58:23 [INFO] [BIO] Monitoring measurement (timeout: 60000 ms)
2026-03-27 18:58:23 [INFO] [BIO] Status: 0, Technique: 11, Time: 71.5 s, Ewe: 2.8148 V, I: 0.0000 A
2026-03-27 18:58:26 [INFO] [BIO] Measurement started running
2026-03-27 18:58:28 [INFO] [BIO] Status: 1, Technique: 11, Time: 2.4 s, Ewe: 2.8151 V, I: 0.0000 A
2026-03-27 18:58:33 [INFO] [BIO] Status: 1, Technique: 11, Time: 7.8 s, Ewe: 2.8156 V, I: 0.0000 A
2026-03-27 18:58:36 [INFO] [BIO] Measurement completed (10.0 s, Ewe: 2.8157 V)
2026-03-27 18:58:37 [INFO] [BIO] Converting .mpr file to BIO_TechniqueData: c:\Users\CV166\Documents\LabWindowsCVI\BatteryApplication\battery-tester\data\BT32_baseline_20260327_145214\phase_3\eis_measurements\ocv_20260327_185822_C01.mpr
2026-03-27 18:58:37 [INFO] [BIO] Reading number of points from: c:\Users\CV166\Documents\LabWindowsCVI\BatteryApplication\battery-tester\data\BT32_baseline_20260327_145214\phase_3\eis_measurements\ocv_20260327_185822_C01.mpr
2026-03-27 18:58:37 [INFO] [BIO] File contains 10 data points
2026-03-27 18:58:37 [INFO] [BIO] Reading 10 data points from .mpr file
2026-03-27 18:58:37 [INFO] [BIO] Reading DC value at index 0 from: c:\Users\CV166\Documents\LabWindowsCVI\BatteryApplication\battery-tester\data\BT32_baseline_20260327_145214\phase_3\eis_measurements\ocv_20260327_185822_C01.mpr
2026-03-27 18:58:37 [INFO] [BIO] DC data: t=1.000 s, V=2.815171 V, I=0.000000 mA
2026-03-27 18:58:37 [INFO] [BIO] Reading DC value at index 1 from: c:\Users\CV166\Documents\LabWindowsCVI\BatteryApplication\battery-tester\data\BT32_baseline_20260327_145214\phase_3\eis_measurements\ocv_20260327_185822_C01.mpr
2026-03-27 18:58:37 [INFO] [BIO] DC data: t=2.000 s, V=2.815215 V, I=0.000000 mA
2026-03-27 18:58:37 [INFO] [BIO] Reading DC value at index 2 from: c:\Users\CV166\Documents\LabWindowsCVI\BatteryApplication\battery-tester\data\BT32_baseline_20260327_145214\phase_3\eis_measurements\ocv_20260327_185822_C01.mpr
2026-03-27 18:58:37 [INFO] [BIO] DC data: t=3.000 s, V=2.815259 V, I=0.000000 mA
2026-03-27 18:58:37 [INFO] [BIO] Reading DC value at index 3 from: c:\Users\CV166\Documents\LabWindowsCVI\BatteryApplication\battery-tester\data\BT32_baseline_20260327_145214\phase_3\eis_measurements\ocv_20260327_185822_C01.mpr
2026-03-27 18:58:37 [INFO] [BIO] DC data: t=4.000 s, V=2.815304 V, I=0.000000 mA
2026-03-27 18:58:37 [INFO] [BIO] Reading DC value at index 4 from: c:\Users\CV166\Documents\LabWindowsCVI\BatteryApplication\battery-tester\data\BT32_baseline_20260327_145214\phase_3\eis_measurements\ocv_20260327_185822_C01.mpr
2026-03-27 18:58:37 [INFO] [BIO] DC data: t=5.000 s, V=2.815351 V, I=0.000000 mA
2026-03-27 18:58:37 [INFO] [BIO] Reading DC value at index 5 from: c:\Users\CV166\Documents\LabWindowsCVI\BatteryApplication\battery-tester\data\BT32_baseline_20260327_145214\phase_3\eis_measurements\ocv_20260327_185822_C01.mpr
2026-03-27 18:58:37 [INFO] [BIO] DC data: t=6.000 s, V=2.815401 V, I=0.000000 mA
2026-03-27 18:58:37 [INFO] [BIO] Reading DC value at index 6 from: c:\Users\CV166\Documents\LabWindowsCVI\BatteryApplication\battery-tester\data\BT32_baseline_20260327_145214\phase_3\eis_measurements\ocv_20260327_185822_C01.mpr
2026-03-27 18:58:37 [INFO] [BIO] DC data: t=7.000 s, V=2.815449 V, I=0.000000 mA
2026-03-27 18:58:37 [INFO] [BIO] Reading DC value at index 7 from: c:\Users\CV166\Documents\LabWindowsCVI\BatteryApplication\battery-tester\data\BT32_baseline_20260327_145214\phase_3\eis_measurements\ocv_20260327_185822_C01.mpr
2026-03-27 18:58:37 [INFO] [BIO] DC data: t=8.000 s, V=2.815497 V, I=0.000000 mA
2026-03-27 18:58:37 [INFO] [BIO] Reading DC value at index 8 from: c:\Users\CV166\Documents\LabWindowsCVI\BatteryApplication\battery-tester\data\BT32_baseline_20260327_145214\phase_3\eis_measurements\ocv_20260327_185822_C01.mpr
2026-03-27 18:58:37 [INFO] [BIO] DC data: t=9.000 s, V=2.815543 V, I=0.000000 mA
2026-03-27 18:58:37 [INFO] [BIO] Reading DC value at index 9 from: c:\Users\CV166\Documents\LabWindowsCVI\BatteryApplication\battery-tester\data\BT32_baseline_20260327_145214\phase_3\eis_measurements\ocv_20260327_185822_C01.mpr
2026-03-27 18:58:37 [INFO] [BIO] DC data: t=10.000 s, V=2.815593 V, I=0.000000 mA
2026-03-27 18:58:37 [INFO] [BIO] Successfully converted 10 data points
2026-03-27 18:58:37 [INFO] [BIO] OCV measurement completed successfully
2026-03-27 18:58:37 [INFO] [BIO] Starting GEIS measurement via EC-Lab
2026-03-27 18:58:37 [INFO] [BIO]   Settings: C:\Users\CV166\Documents\LabWindowsCVI\BatteryApplication\battery-tester\eclab_settings\geis_default.mps
2026-03-27 18:58:37 [INFO] [BIO]   Output: c:\Users\CV166\Documents\LabWindowsCVI\BatteryApplication\battery-tester\data\BT32_baseline_20260327_145214\phase_3\eis_measurements\geis_20260327_185837_C01.mpr
2026-03-27 18:58:37 [INFO] [BIO] Loading settings from: C:\Users\CV166\Documents\LabWindowsCVI\BatteryApplication\battery-tester\eclab_settings\geis_default.mps
2026-03-27 18:58:37 [INFO] [BIO] Settings loaded successfully
2026-03-27 18:58:37 [INFO] [BIO] Starting measurement, output: c:\Users\CV166\Documents\LabWindowsCVI\BatteryApplication\battery-tester\data\BT32_baseline_20260327_145214\phase_3\eis_measurements\geis_20260327_185837_C01.mpr
2026-03-27 18:58:37 [INFO] [BIO] Measurement started
2026-03-27 18:58:37 [INFO] [BIO] Monitoring measurement (timeout: 300000 ms)
2026-03-27 18:58:37 [INFO] [BIO] Status: 0, Technique: 30, Time: 10.0 s, Ewe: 2.8159 V, I: 0.0000 A
2026-03-27 18:58:41 [INFO] [BIO] Measurement started running
2026-03-27 18:58:43 [INFO] [BIO] Status: 1, Technique: 30, Time: 2.4 s, Ewe: 2.8126 V, I: -326.1175 A
2026-03-27 18:58:48 [INFO] [BIO] Status: 1, Technique: 30, Time: 7.7 s, Ewe: 2.8172 V, I: 59.2984 A
2026-03-27 18:58:54 [INFO] [BIO] Status: 1, Technique: 30, Time: 13.1 s, Ewe: 2.8306 V, I: 46.9443 A
2026-03-27 18:58:59 [INFO] [BIO] Status: 1, Technique: 30, Time: 18.7 s, Ewe: 2.8303 V, I: 342.8315 A
2026-03-27 18:59:04 [INFO] [BIO] Status: 1, Technique: 30, Time: 24.0 s, Ewe: 2.8304 V, I: 284.6073 A
2026-03-27 18:59:10 [INFO] [BIO] Status: 1, Technique: 30, Time: 29.4 s, Ewe: 2.8279 V, I: 239.8048 A
2026-03-27 18:59:15 [INFO] [BIO] Status: 1, Technique: 30, Time: 34.7 s, Ewe: 2.8166 V, I: -13.1419 A
2026-03-27 18:59:21 [INFO] [BIO] Status: 1, Technique: 30, Time: 40.2 s, Ewe: 2.8219 V, I: 81.1277 A
2026-03-27 18:59:26 [INFO] [BIO] Status: 1, Technique: 30, Time: 45.6 s, Ewe: 2.8219 V, I: 106.1281 A
2026-03-27 18:59:31 [INFO] [BIO] Status: 1, Technique: 30, Time: 51.0 s, Ewe: 2.8063 V, I: -269.2024 A
2026-03-27 18:59:37 [INFO] [BIO] Status: 1, Technique: 30, Time: 56.4 s, Ewe: 2.8098 V, I: -312.4479 A
2026-03-27 18:59:42 [INFO] [BIO] Status: 1, Technique: 30, Time: 61.7 s, Ewe: 2.8187 V, I: -74.7596 A
2026-03-27 18:59:47 [INFO] [BIO] Status: 1, Technique: 30, Time: 67.0 s, Ewe: 2.8101 V, I: -268.2619 A
2026-03-27 18:59:52 [INFO] [BIO] Measurement completed (71.4 s, Ewe: 2.8183 V)
2026-03-27 18:59:53 [INFO] [BIO] Converting .mpr file to BIO_TechniqueData: c:\Users\CV166\Documents\LabWindowsCVI\BatteryApplication\battery-tester\data\BT32_baseline_20260327_145214\phase_3\eis_measurements\geis_20260327_185837_C01.mpr
2026-03-27 18:59:53 [INFO] [BIO] Reading number of points from: c:\Users\CV166\Documents\LabWindowsCVI\BatteryApplication\battery-tester\data\BT32_baseline_20260327_145214\phase_3\eis_measurements\geis_20260327_185837_C01.mpr
2026-03-27 18:59:53 [INFO] [BIO] File contains 30 data points
2026-03-27 18:59:53 [INFO] [BIO] Reading 30 data points from .mpr file
2026-03-27 18:59:53 [INFO] [BIO] Reading EIS value at index 0 from: c:\Users\CV166\Documents\LabWindowsCVI\BatteryApplication\battery-tester\data\BT32_baseline_20260327_145214\phase_3\eis_measurements\geis_20260327_185837_C01.mpr
2026-03-27 18:59:53 [INFO] [BIO] EIS data: t=1.123 s, f=10002.226 Hz, Re(Z)=0.037791 Ohm, -Im(Z)=-0.030486 Ohm
2026-03-27 18:59:53 [INFO] [BIO] Reading EIS value at index 1 from: c:\Users\CV166\Documents\LabWindowsCVI\BatteryApplication\battery-tester\data\BT32_baseline_20260327_145214\phase_3\eis_measurements\geis_20260327_185837_C01.mpr
2026-03-27 18:59:53 [INFO] [BIO] EIS data: t=2.018 s, f=6811.067 Hz, Re(Z)=0.037108 Ohm, -Im(Z)=-0.020940 Ohm
2026-03-27 18:59:53 [INFO] [BIO] Reading EIS value at index 2 from: c:\Users\CV166\Documents\LabWindowsCVI\BatteryApplication\battery-tester\data\BT32_baseline_20260327_145214\phase_3\eis_measurements\geis_20260327_185837_C01.mpr
2026-03-27 18:59:53 [INFO] [BIO] EIS data: t=3.149 s, f=4641.485 Hz, Re(Z)=0.036693 Ohm, -Im(Z)=-0.014317 Ohm
2026-03-27 18:59:53 [INFO] [BIO] Reading EIS value at index 3 from: c:\Users\CV166\Documents\LabWindowsCVI\BatteryApplication\battery-tester\data\BT32_baseline_20260327_145214\phase_3\eis_measurements\geis_20260327_185837_C01.mpr
2026-03-27 18:59:53 [INFO] [BIO] EIS data: t=4.281 s, f=3161.012 Hz, Re(Z)=0.036494 Ohm, -Im(Z)=-0.009568 Ohm
2026-03-27 18:59:53 [INFO] [BIO] Reading EIS value at index 4 from: c:\Users\CV166\Documents\LabWindowsCVI\BatteryApplication\battery-tester\data\BT32_baseline_20260327_145214\phase_3\eis_measurements\geis_20260327_185837_C01.mpr
2026-03-27 18:59:53 [INFO] [BIO] EIS data: t=5.412 s, f=2155.690 Hz, Re(Z)=0.036447 Ohm, -Im(Z)=-0.006317 Ohm
2026-03-27 18:59:53 [INFO] [BIO] Reading EIS value at index 5 from: c:\Users\CV166\Documents\LabWindowsCVI\BatteryApplication\battery-tester\data\BT32_baseline_20260327_145214\phase_3\eis_measurements\geis_20260327_185837_C01.mpr
2026-03-27 18:59:53 [INFO] [BIO] EIS data: t=6.544 s, f=1468.590 Hz, Re(Z)=0.036533 Ohm, -Im(Z)=-0.003968 Ohm
2026-03-27 18:59:53 [INFO] [BIO] Reading EIS value at index 6 from: c:\Users\CV166\Documents\LabWindowsCVI\BatteryApplication\battery-tester\data\BT32_baseline_20260327_145214\phase_3\eis_measurements\geis_20260327_185837_C01.mpr
2026-03-27 18:59:53 [INFO] [BIO] EIS data: t=7.676 s, f=1000.320 Hz, Re(Z)=0.036651 Ohm, -Im(Z)=-0.002362 Ohm
2026-03-27 18:59:53 [INFO] [BIO] Reading EIS value at index 7 from: c:\Users\CV166\Documents\LabWindowsCVI\BatteryApplication\battery-tester\data\BT32_baseline_20260327_145214\phase_3\eis_measurements\geis_20260327_185837_C01.mpr
2026-03-27 18:59:53 [INFO] [BIO] EIS data: t=8.807 s, f=681.090 Hz, Re(Z)=0.036873 Ohm, -Im(Z)=-0.001276 Ohm
2026-03-27 18:59:53 [INFO] [BIO] Reading EIS value at index 8 from: c:\Users\CV166\Documents\LabWindowsCVI\BatteryApplication\battery-tester\data\BT32_baseline_20260327_145214\phase_3\eis_measurements\geis_20260327_185837_C01.mpr
2026-03-27 18:59:53 [INFO] [BIO] EIS data: t=9.939 s, f=463.961 Hz, Re(Z)=0.037118 Ohm, -Im(Z)=-0.000466 Ohm
2026-03-27 18:59:53 [INFO] [BIO] Reading EIS value at index 9 from: c:\Users\CV166\Documents\LabWindowsCVI\BatteryApplication\battery-tester\data\BT32_baseline_20260327_145214\phase_3\eis_measurements\geis_20260327_185837_C01.mpr
2026-03-27 18:59:53 [INFO] [BIO] EIS data: t=11.065 s, f=316.316 Hz, Re(Z)=0.037385 Ohm, -Im(Z)=0.000074 Ohm
2026-03-27 18:59:53 [INFO] [BIO] Reading EIS value at index 10 from: c:\Users\CV166\Documents\LabWindowsCVI\BatteryApplication\battery-tester\data\BT32_baseline_20260327_145214\phase_3\eis_measurements\geis_20260327_185837_C01.mpr
2026-03-27 18:59:53 [INFO] [BIO] EIS data: t=12.196 s, f=215.345 Hz, Re(Z)=0.037677 Ohm, -Im(Z)=0.000456 Ohm
2026-03-27 18:59:53 [INFO] [BIO] Reading EIS value at index 11 from: c:\Users\CV166\Documents\LabWindowsCVI\BatteryApplication\battery-tester\data\BT32_baseline_20260327_145214\phase_3\eis_measurements\geis_20260327_185837_C01.mpr
2026-03-27 18:59:53 [INFO] [BIO] EIS data: t=13.316 s, f=146.737 Hz, Re(Z)=0.037955 Ohm, -Im(Z)=0.000779 Ohm
2026-03-27 18:59:53 [INFO] [BIO] Reading EIS value at index 12 from: c:\Users\CV166\Documents\LabWindowsCVI\BatteryApplication\battery-tester\data\BT32_baseline_20260327_145214\phase_3\eis_measurements\geis_20260327_185837_C01.mpr
2026-03-27 18:59:53 [INFO] [BIO] EIS data: t=14.447 s, f=100.032 Hz, Re(Z)=0.038287 Ohm, -Im(Z)=0.000954 Ohm
2026-03-27 18:59:53 [INFO] [BIO] Reading EIS value at index 13 from: c:\Users\CV166\Documents\LabWindowsCVI\BatteryApplication\battery-tester\data\BT32_baseline_20260327_145214\phase_3\eis_measurements\geis_20260327_185837_C01.mpr
2026-03-27 18:59:53 [INFO] [BIO] EIS data: t=15.606 s, f=68.104 Hz, Re(Z)=0.038598 Ohm, -Im(Z)=0.001080 Ohm
2026-03-27 18:59:53 [INFO] [BIO] Reading EIS value at index 14 from: c:\Users\CV166\Documents\LabWindowsCVI\BatteryApplication\battery-tester\data\BT32_baseline_20260327_145214\phase_3\eis_measurements\geis_20260327_185837_C01.mpr
2026-03-27 18:59:53 [INFO] [BIO] EIS data: t=16.706 s, f=46.442 Hz, Re(Z)=0.038908 Ohm, -Im(Z)=0.001188 Ohm
2026-03-27 18:59:53 [INFO] [BIO] Reading EIS value at index 15 from: c:\Users\CV166\Documents\LabWindowsCVI\BatteryApplication\battery-tester\data\BT32_baseline_20260327_145214\phase_3\eis_measurements\geis_20260327_185837_C01.mpr
2026-03-27 18:59:53 [INFO] [BIO] EIS data: t=17.787 s, f=31.630 Hz, Re(Z)=0.039213 Ohm, -Im(Z)=0.001298 Ohm
2026-03-27 18:59:53 [INFO] [BIO] Reading EIS value at index 16 from: c:\Users\CV166\Documents\LabWindowsCVI\BatteryApplication\battery-tester\data\BT32_baseline_20260327_145214\phase_3\eis_measurements\geis_20260327_185837_C01.mpr
2026-03-27 18:59:53 [INFO] [BIO] EIS data: t=18.848 s, f=21.552 Hz, Re(Z)=0.039470 Ohm, -Im(Z)=0.001489 Ohm
2026-03-27 18:59:53 [INFO] [BIO] Reading EIS value at index 17 from: c:\Users\CV166\Documents\LabWindowsCVI\BatteryApplication\battery-tester\data\BT32_baseline_20260327_145214\phase_3\eis_measurements\geis_20260327_185837_C01.mpr
2026-03-27 18:59:53 [INFO] [BIO] EIS data: t=20.000 s, f=14.685 Hz, Re(Z)=0.039858 Ohm, -Im(Z)=0.001524 Ohm
2026-03-27 18:59:53 [INFO] [BIO] Reading EIS value at index 18 from: c:\Users\CV166\Documents\LabWindowsCVI\BatteryApplication\battery-tester\data\BT32_baseline_20260327_145214\phase_3\eis_measurements\geis_20260327_185837_C01.mpr
2026-03-27 18:59:53 [INFO] [BIO] EIS data: t=71.404 s, f=9.973 Hz, Re(Z)=0.040236 Ohm, -Im(Z)=0.001691 Ohm
2026-03-27 18:59:53 [INFO] [BIO] Reading EIS value at index 19 from: c:\Users\CV166\Documents\LabWindowsCVI\BatteryApplication\battery-tester\data\BT32_baseline_20260327_145214\phase_3\eis_measurements\geis_20260327_185837_C01.mpr
2026-03-27 18:59:53 [INFO] [BIO] EIS data: t=71.404 s, f=6.782 Hz, Re(Z)=0.040658 Ohm, -Im(Z)=0.001877 Ohm
2026-03-27 18:59:53 [INFO] [BIO] Reading EIS value at index 20 from: c:\Users\CV166\Documents\LabWindowsCVI\BatteryApplication\battery-tester\data\BT32_baseline_20260327_145214\phase_3\eis_measurements\geis_20260327_185837_C01.mpr
2026-03-27 18:59:53 [INFO] [BIO] EIS data: t=71.404 s, f=4.687 Hz, Re(Z)=0.041103 Ohm, -Im(Z)=0.002048 Ohm
2026-03-27 18:59:53 [INFO] [BIO] Reading EIS value at index 21 from: c:\Users\CV166\Documents\LabWindowsCVI\BatteryApplication\battery-tester\data\BT32_baseline_20260327_145214\phase_3\eis_measurements\geis_20260327_185837_C01.mpr
2026-03-27 18:59:53 [INFO] [BIO] EIS data: t=71.404 s, f=3.191 Hz, Re(Z)=0.041605 Ohm, -Im(Z)=0.002231 Ohm
2026-03-27 18:59:53 [INFO] [BIO] Reading EIS value at index 22 from: c:\Users\CV166\Documents\LabWindowsCVI\BatteryApplication\battery-tester\data\BT32_baseline_20260327_145214\phase_3\eis_measurements\geis_20260327_185837_C01.mpr
2026-03-27 18:59:53 [INFO] [BIO] EIS data: t=71.404 s, f=2.194 Hz, Re(Z)=0.042101 Ohm, -Im(Z)=0.002425 Ohm
2026-03-27 18:59:53 [INFO] [BIO] Reading EIS value at index 23 from: c:\Users\CV166\Documents\LabWindowsCVI\BatteryApplication\battery-tester\data\BT32_baseline_20260327_145214\phase_3\eis_measurements\geis_20260327_185837_C01.mpr
2026-03-27 18:59:53 [INFO] [BIO] EIS data: t=71.405 s, f=1.496 Hz, Re(Z)=0.042651 Ohm, -Im(Z)=0.002742 Ohm
2026-03-27 18:59:53 [INFO] [BIO] Reading EIS value at index 24 from: c:\Users\CV166\Documents\LabWindowsCVI\BatteryApplication\battery-tester\data\BT32_baseline_20260327_145214\phase_3\eis_measurements\geis_20260327_185837_C01.mpr
2026-03-27 18:59:53 [INFO] [BIO] EIS data: t=71.405 s, f=0.997 Hz, Re(Z)=0.043479 Ohm, -Im(Z)=0.002757 Ohm
2026-03-27 18:59:53 [INFO] [BIO] Reading EIS value at index 25 from: c:\Users\CV166\Documents\LabWindowsCVI\BatteryApplication\battery-tester\data\BT32_baseline_20260327_145214\phase_3\eis_measurements\geis_20260327_185837_C01.mpr
2026-03-27 18:59:53 [INFO] [BIO] EIS data: t=71.405 s, f=0.698 Hz, Re(Z)=0.043688 Ohm, -Im(Z)=0.003203 Ohm
2026-03-27 18:59:53 [INFO] [BIO] Reading EIS value at index 26 from: c:\Users\CV166\Documents\LabWindowsCVI\BatteryApplication\battery-tester\data\BT32_baseline_20260327_145214\phase_3\eis_measurements\geis_20260327_185837_C01.mpr
2026-03-27 18:59:53 [INFO] [BIO] EIS data: t=71.405 s, f=0.499 Hz, Re(Z)=0.044193 Ohm, -Im(Z)=0.003332 Ohm
2026-03-27 18:59:53 [INFO] [BIO] Reading EIS value at index 27 from: c:\Users\CV166\Documents\LabWindowsCVI\BatteryApplication\battery-tester\data\BT32_baseline_20260327_145214\phase_3\eis_measurements\geis_20260327_185837_C01.mpr
2026-03-27 18:59:53 [INFO] [BIO] EIS data: t=71.405 s, f=0.299 Hz, Re(Z)=0.045098 Ohm, -Im(Z)=0.004738 Ohm
2026-03-27 18:59:53 [INFO] [BIO] Reading EIS value at index 28 from: c:\Users\CV166\Documents\LabWindowsCVI\BatteryApplication\battery-tester\data\BT32_baseline_20260327_145214\phase_3\eis_measurements\geis_20260327_185837_C01.mpr
2026-03-27 18:59:53 [INFO] [BIO] EIS data: t=71.405 s, f=0.199 Hz, Re(Z)=0.046413 Ohm, -Im(Z)=0.006018 Ohm
2026-03-27 18:59:53 [INFO] [BIO] Reading EIS value at index 29 from: c:\Users\CV166\Documents\LabWindowsCVI\BatteryApplication\battery-tester\data\BT32_baseline_20260327_145214\phase_3\eis_measurements\geis_20260327_185837_C01.mpr
2026-03-27 18:59:53 [INFO] [BIO] EIS data: t=71.405 s, f=0.100 Hz, Re(Z)=0.046351 Ohm, -Im(Z)=0.005616 Ohm
2026-03-27 18:59:53 [INFO] [BIO] Successfully converted 30 data points
2026-03-27 18:59:53 [INFO] [BIO] GEIS measurement completed successfully
2026-03-27 18:59:53 [INFO] Relaxation EIS #1 completed at 0.0% SOC (OCV: 2.81559324 V, relaxation: 0 s)
2026-03-27 19:00:23 [INFO] Relaxation EIS #2 at 0.0% SOC (relaxation time: 121 s)
2026-03-27 19:00:23 [INFO] [BIO] Starting OCV measurement via EC-Lab
2026-03-27 19:00:23 [INFO] [BIO]   Settings: C:\Users\CV166\Documents\LabWindowsCVI\BatteryApplication\battery-tester\eclab_settings\ocv_default.mps
2026-03-27 19:00:23 [INFO] [BIO]   Output: c:\Users\CV166\Documents\LabWindowsCVI\BatteryApplication\battery-tester\data\BT32_baseline_20260327_145214\phase_3\eis_measurements\ocv_20260327_190023_C01.mpr
2026-03-27 19:00:23 [INFO] [BIO] Loading settings from: C:\Users\CV166\Documents\LabWindowsCVI\BatteryApplication\battery-tester\eclab_settings\ocv_default.mps
2026-03-27 19:00:23 [INFO] [BIO] Settings loaded successfully
2026-03-27 19:00:23 [INFO] [BIO] Starting measurement, output: c:\Users\CV166\Documents\LabWindowsCVI\BatteryApplication\battery-tester\data\BT32_baseline_20260327_145214\phase_3\eis_measurements\ocv_20260327_190023_C01.mpr
2026-03-27 19:00:23 [INFO] [BIO] Measurement started
2026-03-27 19:00:23 [INFO] [BIO] Monitoring measurement (timeout: 60000 ms)
2026-03-27 19:00:23 [INFO] [BIO] Status: 0, Technique: 11, Time: 71.4 s, Ewe: 2.8197 V, I: 0.0000 A
2026-03-27 19:00:26 [INFO] [BIO] Measurement started running
2026-03-27 19:00:28 [INFO] [BIO] Status: 1, Technique: 11, Time: 2.4 s, Ewe: 2.8203 V, I: 0.0000 A
2026-03-27 19:00:34 [INFO] [BIO] Status: 1, Technique: 11, Time: 7.7 s, Ewe: 2.8203 V, I: 0.0000 A
2026-03-27 19:00:37 [INFO] [BIO] Measurement completed (10.0 s, Ewe: 2.8206 V)
2026-03-27 19:00:38 [INFO] [BIO] Converting .mpr file to BIO_TechniqueData: c:\Users\CV166\Documents\LabWindowsCVI\BatteryApplication\battery-tester\data\BT32_baseline_20260327_145214\phase_3\eis_measurements\ocv_20260327_190023_C01.mpr
2026-03-27 19:00:38 [INFO] [BIO] Reading number of points from: c:\Users\CV166\Documents\LabWindowsCVI\BatteryApplication\battery-tester\data\BT32_baseline_20260327_145214\phase_3\eis_measurements\ocv_20260327_190023_C01.mpr
2026-03-27 19:00:38 [INFO] [BIO] File contains 10 data points
2026-03-27 19:00:38 [INFO] [BIO] Reading 10 data points from .mpr file
2026-03-27 19:00:38 [INFO] [BIO] Reading DC value at index 0 from: c:\Users\CV166\Documents\LabWindowsCVI\BatteryApplication\battery-tester\data\BT32_baseline_20260327_145214\phase_3\eis_measurements\ocv_20260327_190023_C01.mpr
2026-03-27 19:00:38 [INFO] [BIO] DC data: t=1.000 s, V=2.820001 V, I=0.000000 mA
2026-03-27 19:00:38 [INFO] [BIO] Reading DC value at index 1 from: c:\Users\CV166\Documents\LabWindowsCVI\BatteryApplication\battery-tester\data\BT32_baseline_20260327_145214\phase_3\eis_measurements\ocv_20260327_190023_C01.mpr
2026-03-27 19:00:38 [INFO] [BIO] DC data: t=2.000 s, V=2.820030 V, I=0.000000 mA
2026-03-27 19:00:38 [INFO] [BIO] Reading DC value at index 2 from: c:\Users\CV166\Documents\LabWindowsCVI\BatteryApplication\battery-tester\data\BT32_baseline_20260327_145214\phase_3\eis_measurements\ocv_20260327_190023_C01.mpr
2026-03-27 19:00:38 [INFO] [BIO] DC data: t=3.000 s, V=2.820067 V, I=0.000000 mA
2026-03-27 19:00:38 [INFO] [BIO] Reading DC value at index 3 from: c:\Users\CV166\Documents\LabWindowsCVI\BatteryApplication\battery-tester\data\BT32_baseline_20260327_145214\phase_3\eis_measurements\ocv_20260327_190023_C01.mpr
2026-03-27 19:00:38 [INFO] [BIO] DC data: t=4.000 s, V=2.820094 V, I=0.000000 mA
2026-03-27 19:00:38 [INFO] [BIO] Reading DC value at index 4 from: c:\Users\CV166\Documents\LabWindowsCVI\BatteryApplication\battery-tester\data\BT32_baseline_20260327_145214\phase_3\eis_measurements\ocv_20260327_190023_C01.mpr
2026-03-27 19:00:38 [INFO] [BIO] DC data: t=5.000 s, V=2.820133 V, I=0.000000 mA
2026-03-27 19:00:38 [INFO] [BIO] Reading DC value at index 5 from: c:\Users\CV166\Documents\LabWindowsCVI\BatteryApplication\battery-tester\data\BT32_baseline_20260327_145214\phase_3\eis_measurements\ocv_20260327_190023_C01.mpr
2026-03-27 19:00:38 [INFO] [BIO] DC data: t=6.000 s, V=2.820181 V, I=0.000000 mA
2026-03-27 19:00:38 [INFO] [BIO] Reading DC value at index 6 from: c:\Users\CV166\Documents\LabWindowsCVI\BatteryApplication\battery-tester\data\BT32_baseline_20260327_145214\phase_3\eis_measurements\ocv_20260327_190023_C01.mpr
2026-03-27 19:00:38 [INFO] [BIO] DC data: t=7.000 s, V=2.820225 V, I=0.000000 mA
2026-03-27 19:00:38 [INFO] [BIO] Reading DC value at index 7 from: c:\Users\CV166\Documents\LabWindowsCVI\BatteryApplication\battery-tester\data\BT32_baseline_20260327_145214\phase_3\eis_measurements\ocv_20260327_190023_C01.mpr
2026-03-27 19:00:38 [INFO] [BIO] DC data: t=8.000 s, V=2.820268 V, I=0.000000 mA
2026-03-27 19:00:38 [INFO] [BIO] Reading DC value at index 8 from: c:\Users\CV166\Documents\LabWindowsCVI\BatteryApplication\battery-tester\data\BT32_baseline_20260327_145214\phase_3\eis_measurements\ocv_20260327_190023_C01.mpr
2026-03-27 19:00:38 [INFO] [BIO] DC data: t=9.000 s, V=2.820313 V, I=0.000000 mA
2026-03-27 19:00:38 [INFO] [BIO] Reading DC value at index 9 from: c:\Users\CV166\Documents\LabWindowsCVI\BatteryApplication\battery-tester\data\BT32_baseline_20260327_145214\phase_3\eis_measurements\ocv_20260327_190023_C01.mpr
2026-03-27 19:00:38 [INFO] [BIO] DC data: t=10.000 s, V=2.820357 V, I=0.000000 mA
2026-03-27 19:00:38 [INFO] [BIO] Successfully converted 10 data points
2026-03-27 19:00:38 [INFO] [BIO] OCV measurement completed successfully
2026-03-27 19:00:38 [INFO] [BIO] Starting GEIS measurement via EC-Lab
2026-03-27 19:00:38 [INFO] [BIO]   Settings: C:\Users\CV166\Documents\LabWindowsCVI\BatteryApplication\battery-tester\eclab_settings\geis_default.mps
2026-03-27 19:00:38 [INFO] [BIO]   Output: c:\Users\CV166\Documents\LabWindowsCVI\BatteryApplication\battery-tester\data\BT32_baseline_20260327_145214\phase_3\eis_measurements\geis_20260327_190038_C01.mpr
2026-03-27 19:00:38 [INFO] [BIO] Loading settings from: C:\Users\CV166\Documents\LabWindowsCVI\BatteryApplication\battery-tester\eclab_settings\geis_default.mps
2026-03-27 19:00:38 [INFO] [BIO] Settings loaded successfully
2026-03-27 19:00:38 [INFO] [BIO] Starting measurement, output: c:\Users\CV166\Documents\LabWindowsCVI\BatteryApplication\battery-tester\data\BT32_baseline_20260327_145214\phase_3\eis_measurements\geis_20260327_190038_C01.mpr
2026-03-27 19:00:38 [INFO] [BIO] Measurement started
2026-03-27 19:00:38 [INFO] [BIO] Monitoring measurement (timeout: 300000 ms)
2026-03-27 19:00:38 [INFO] [BIO] Status: 0, Technique: 30, Time: 10.0 s, Ewe: 2.8204 V, I: 0.0000 A
2026-03-27 19:00:41 [INFO] [BIO] Measurement started running
2026-03-27 19:00:43 [INFO] [BIO] Status: 1, Technique: 30, Time: 2.4 s, Ewe: 2.8267 V, I: 316.5219 A
2026-03-27 19:00:49 [INFO] [BIO] Status: 1, Technique: 30, Time: 7.8 s, Ewe: 2.8069 V, I: -203.1108 A
2026-03-27 19:00:54 [INFO] [BIO] Status: 1, Technique: 30, Time: 13.3 s, Ewe: 2.7992 V, I: -360.6631 A
2026-03-27 19:01:00 [INFO] [BIO] Status: 1, Technique: 30, Time: 18.6 s, Ewe: 2.8418 V, I: 503.8155 A
2026-03-27 19:01:05 [INFO] [BIO] Status: 1, Technique: 30, Time: 24.0 s, Ewe: 2.8353 V, I: 351.6077 A
2026-03-27 19:01:10 [INFO] [BIO] Status: 1, Technique: 30, Time: 29.5 s, Ewe: 2.8211 V, I: -144.4291 A
2026-03-27 19:01:16 [INFO] [BIO] Status: 1, Technique: 30, Time: 34.9 s, Ewe: 2.8335 V, I: 172.8680 A
2026-03-27 19:01:21 [INFO] [BIO] Status: 1, Technique: 30, Time: 40.2 s, Ewe: 2.8259 V, I: 67.9284 A
2026-03-27 19:01:27 [INFO] [BIO] Status: 1, Technique: 30, Time: 45.6 s, Ewe: 2.8195 V, I: -40.5762 A
2026-03-27 19:01:32 [INFO] [BIO] Status: 1, Technique: 30, Time: 50.9 s, Ewe: 2.8249 V, I: 157.5080 A
2026-03-27 19:01:37 [INFO] [BIO] Status: 1, Technique: 30, Time: 56.3 s, Ewe: 2.8267 V, I: 18.8109 A
2026-03-27 19:01:43 [INFO] [BIO] Status: 1, Technique: 30, Time: 61.7 s, Ewe: 2.8220 V, I: -56.7687 A
2026-03-27 19:01:48 [INFO] [BIO] Status: 1, Technique: 30, Time: 67.1 s, Ewe: 2.8115 V, I: -278.5633 A
2026-03-27 19:01:53 [INFO] [BIO] Measurement completed (71.4 s, Ewe: 2.8235 V)
2026-03-27 19:01:54 [INFO] [BIO] Converting .mpr file to BIO_TechniqueData: c:\Users\CV166\Documents\LabWindowsCVI\BatteryApplication\battery-tester\data\BT32_baseline_20260327_145214\phase_3\eis_measurements\geis_20260327_190038_C01.mpr
2026-03-27 19:01:54 [INFO] [BIO] Reading number of points from: c:\Users\CV166\Documents\LabWindowsCVI\BatteryApplication\battery-tester\data\BT32_baseline_20260327_145214\phase_3\eis_measurements\geis_20260327_190038_C01.mpr
2026-03-27 19:01:54 [INFO] [BIO] File contains 30 data points
2026-03-27 19:01:54 [INFO] [BIO] Reading 30 data points from .mpr file
2026-03-27 19:01:54 [INFO] [BIO] Reading EIS value at index 0 from: c:\Users\CV166\Documents\LabWindowsCVI\BatteryApplication\battery-tester\data\BT32_baseline_20260327_145214\phase_3\eis_measurements\geis_20260327_190038_C01.mpr
2026-03-27 19:01:54 [INFO] [BIO] EIS data: t=1.123 s, f=10002.226 Hz, Re(Z)=0.037774 Ohm, -Im(Z)=-0.030495 Ohm
2026-03-27 19:01:54 [INFO] [BIO] Reading EIS value at index 1 from: c:\Users\CV166\Documents\LabWindowsCVI\BatteryApplication\battery-tester\data\BT32_baseline_20260327_145214\phase_3\eis_measurements\geis_20260327_190038_C01.mpr
2026-03-27 19:01:54 [INFO] [BIO] EIS data: t=2.017 s, f=6811.067 Hz, Re(Z)=0.037081 Ohm, -Im(Z)=-0.020939 Ohm
2026-03-27 19:01:54 [INFO] [BIO] Reading EIS value at index 2 from: c:\Users\CV166\Documents\LabWindowsCVI\BatteryApplication\battery-tester\data\BT32_baseline_20260327_145214\phase_3\eis_measurements\geis_20260327_190038_C01.mpr
2026-03-27 19:01:54 [INFO] [BIO] EIS data: t=3.148 s, f=4641.485 Hz, Re(Z)=0.036684 Ohm, -Im(Z)=-0.014244 Ohm
2026-03-27 19:01:54 [INFO] [BIO] Reading EIS value at index 3 from: c:\Users\CV166\Documents\LabWindowsCVI\BatteryApplication\battery-tester\data\BT32_baseline_20260327_145214\phase_3\eis_measurements\geis_20260327_190038_C01.mpr
2026-03-27 19:01:54 [INFO] [BIO] EIS data: t=4.279 s, f=3161.012 Hz, Re(Z)=0.036461 Ohm, -Im(Z)=-0.009562 Ohm
2026-03-27 19:01:54 [INFO] [BIO] Reading EIS value at index 4 from: c:\Users\CV166\Documents\LabWindowsCVI\BatteryApplication\battery-tester\data\BT32_baseline_20260327_145214\phase_3\eis_measurements\geis_20260327_190038_C01.mpr
2026-03-27 19:01:54 [INFO] [BIO] EIS data: t=5.411 s, f=2155.690 Hz, Re(Z)=0.036415 Ohm, -Im(Z)=-0.006284 Ohm
2026-03-27 19:01:54 [INFO] [BIO] Reading EIS value at index 5 from: c:\Users\CV166\Documents\LabWindowsCVI\BatteryApplication\battery-tester\data\BT32_baseline_20260327_145214\phase_3\eis_measurements\geis_20260327_190038_C01.mpr
2026-03-27 19:01:54 [INFO] [BIO] EIS data: t=6.543 s, f=1468.590 Hz, Re(Z)=0.036497 Ohm, -Im(Z)=-0.003983 Ohm
2026-03-27 19:01:54 [INFO] [BIO] Reading EIS value at index 6 from: c:\Users\CV166\Documents\LabWindowsCVI\BatteryApplication\battery-tester\data\BT32_baseline_20260327_145214\phase_3\eis_measurements\geis_20260327_190038_C01.mpr
2026-03-27 19:01:54 [INFO] [BIO] EIS data: t=7.675 s, f=1000.320 Hz, Re(Z)=0.036684 Ohm, -Im(Z)=-0.002342 Ohm
2026-03-27 19:01:54 [INFO] [BIO] Reading EIS value at index 7 from: c:\Users\CV166\Documents\LabWindowsCVI\BatteryApplication\battery-tester\data\BT32_baseline_20260327_145214\phase_3\eis_measurements\geis_20260327_190038_C01.mpr
2026-03-27 19:01:54 [INFO] [BIO] EIS data: t=8.805 s, f=681.090 Hz, Re(Z)=0.036875 Ohm, -Im(Z)=-0.001242 Ohm
2026-03-27 19:01:54 [INFO] [BIO] Reading EIS value at index 8 from: c:\Users\CV166\Documents\LabWindowsCVI\BatteryApplication\battery-tester\data\BT32_baseline_20260327_145214\phase_3\eis_measurements\geis_20260327_190038_C01.mpr
2026-03-27 19:01:54 [INFO] [BIO] EIS data: t=9.937 s, f=463.961 Hz, Re(Z)=0.037120 Ohm, -Im(Z)=-0.000502 Ohm
2026-03-27 19:01:54 [INFO] [BIO] Reading EIS value at index 9 from: c:\Users\CV166\Documents\LabWindowsCVI\BatteryApplication\battery-tester\data\BT32_baseline_20260327_145214\phase_3\eis_measurements\geis_20260327_190038_C01.mpr
2026-03-27 19:01:54 [INFO] [BIO] EIS data: t=11.063 s, f=316.316 Hz, Re(Z)=0.037397 Ohm, -Im(Z)=0.000044 Ohm
2026-03-27 19:01:54 [INFO] [BIO] Reading EIS value at index 10 from: c:\Users\CV166\Documents\LabWindowsCVI\BatteryApplication\battery-tester\data\BT32_baseline_20260327_145214\phase_3\eis_measurements\geis_20260327_190038_C01.mpr
2026-03-27 19:01:54 [INFO] [BIO] EIS data: t=12.193 s, f=215.345 Hz, Re(Z)=0.037677 Ohm, -Im(Z)=0.000443 Ohm
2026-03-27 19:01:54 [INFO] [BIO] Reading EIS value at index 11 from: c:\Users\CV166\Documents\LabWindowsCVI\BatteryApplication\battery-tester\data\BT32_baseline_20260327_145214\phase_3\eis_measurements\geis_20260327_190038_C01.mpr
2026-03-27 19:01:54 [INFO] [BIO] EIS data: t=13.313 s, f=146.737 Hz, Re(Z)=0.037976 Ohm, -Im(Z)=0.000725 Ohm
2026-03-27 19:01:54 [INFO] [BIO] Reading EIS value at index 12 from: c:\Users\CV166\Documents\LabWindowsCVI\BatteryApplication\battery-tester\data\BT32_baseline_20260327_145214\phase_3\eis_measurements\geis_20260327_190038_C01.mpr
2026-03-27 19:01:54 [INFO] [BIO] EIS data: t=14.444 s, f=100.032 Hz, Re(Z)=0.038282 Ohm, -Im(Z)=0.000934 Ohm
2026-03-27 19:01:54 [INFO] [BIO] Reading EIS value at index 13 from: c:\Users\CV166\Documents\LabWindowsCVI\BatteryApplication\battery-tester\data\BT32_baseline_20260327_145214\phase_3\eis_measurements\geis_20260327_190038_C01.mpr
2026-03-27 19:01:54 [INFO] [BIO] EIS data: t=15.603 s, f=68.104 Hz, Re(Z)=0.038620 Ohm, -Im(Z)=0.001091 Ohm
2026-03-27 19:01:54 [INFO] [BIO] Reading EIS value at index 14 from: c:\Users\CV166\Documents\LabWindowsCVI\BatteryApplication\battery-tester\data\BT32_baseline_20260327_145214\phase_3\eis_measurements\geis_20260327_190038_C01.mpr
2026-03-27 19:01:54 [INFO] [BIO] EIS data: t=16.703 s, f=46.442 Hz, Re(Z)=0.038911 Ohm, -Im(Z)=0.001162 Ohm
2026-03-27 19:01:54 [INFO] [BIO] Reading EIS value at index 15 from: c:\Users\CV166\Documents\LabWindowsCVI\BatteryApplication\battery-tester\data\BT32_baseline_20260327_145214\phase_3\eis_measurements\geis_20260327_190038_C01.mpr
2026-03-27 19:01:54 [INFO] [BIO] EIS data: t=17.784 s, f=31.630 Hz, Re(Z)=0.039211 Ohm, -Im(Z)=0.001288 Ohm
2026-03-27 19:01:54 [INFO] [BIO] Reading EIS value at index 16 from: c:\Users\CV166\Documents\LabWindowsCVI\BatteryApplication\battery-tester\data\BT32_baseline_20260327_145214\phase_3\eis_measurements\geis_20260327_190038_C01.mpr
2026-03-27 19:01:54 [INFO] [BIO] EIS data: t=18.844 s, f=21.552 Hz, Re(Z)=0.039521 Ohm, -Im(Z)=0.001229 Ohm
2026-03-27 19:01:54 [INFO] [BIO] Reading EIS value at index 17 from: c:\Users\CV166\Documents\LabWindowsCVI\BatteryApplication\battery-tester\data\BT32_baseline_20260327_145214\phase_3\eis_measurements\geis_20260327_190038_C01.mpr
2026-03-27 19:01:54 [INFO] [BIO] EIS data: t=19.996 s, f=14.685 Hz, Re(Z)=0.039842 Ohm, -Im(Z)=0.001518 Ohm
2026-03-27 19:01:54 [INFO] [BIO] Reading EIS value at index 18 from: c:\Users\CV166\Documents\LabWindowsCVI\BatteryApplication\battery-tester\data\BT32_baseline_20260327_145214\phase_3\eis_measurements\geis_20260327_190038_C01.mpr
2026-03-27 19:01:54 [INFO] [BIO] EIS data: t=71.400 s, f=9.973 Hz, Re(Z)=0.040236 Ohm, -Im(Z)=0.001686 Ohm
2026-03-27 19:01:54 [INFO] [BIO] Reading EIS value at index 19 from: c:\Users\CV166\Documents\LabWindowsCVI\BatteryApplication\battery-tester\data\BT32_baseline_20260327_145214\phase_3\eis_measurements\geis_20260327_190038_C01.mpr
2026-03-27 19:01:54 [INFO] [BIO] EIS data: t=71.400 s, f=6.782 Hz, Re(Z)=0.040656 Ohm, -Im(Z)=0.001873 Ohm
2026-03-27 19:01:54 [INFO] [BIO] Reading EIS value at index 20 from: c:\Users\CV166\Documents\LabWindowsCVI\BatteryApplication\battery-tester\data\BT32_baseline_20260327_145214\phase_3\eis_measurements\geis_20260327_190038_C01.mpr
2026-03-27 19:01:54 [INFO] [BIO] EIS data: t=71.400 s, f=4.687 Hz, Re(Z)=0.041100 Ohm, -Im(Z)=0.002040 Ohm
2026-03-27 19:01:54 [INFO] [BIO] Reading EIS value at index 21 from: c:\Users\CV166\Documents\LabWindowsCVI\BatteryApplication\battery-tester\data\BT32_baseline_20260327_145214\phase_3\eis_measurements\geis_20260327_190038_C01.mpr
2026-03-27 19:01:54 [INFO] [BIO] EIS data: t=71.401 s, f=3.191 Hz, Re(Z)=0.041601 Ohm, -Im(Z)=0.002219 Ohm
2026-03-27 19:01:54 [INFO] [BIO] Reading EIS value at index 22 from: c:\Users\CV166\Documents\LabWindowsCVI\BatteryApplication\battery-tester\data\BT32_baseline_20260327_145214\phase_3\eis_measurements\geis_20260327_190038_C01.mpr
2026-03-27 19:01:54 [INFO] [BIO] EIS data: t=71.401 s, f=2.194 Hz, Re(Z)=0.042100 Ohm, -Im(Z)=0.002413 Ohm
2026-03-27 19:01:54 [INFO] [BIO] Reading EIS value at index 23 from: c:\Users\CV166\Documents\LabWindowsCVI\BatteryApplication\battery-tester\data\BT32_baseline_20260327_145214\phase_3\eis_measurements\geis_20260327_190038_C01.mpr
2026-03-27 19:01:54 [INFO] [BIO] EIS data: t=71.401 s, f=1.496 Hz, Re(Z)=0.042653 Ohm, -Im(Z)=0.002704 Ohm
2026-03-27 19:01:54 [INFO] [BIO] Reading EIS value at index 24 from: c:\Users\CV166\Documents\LabWindowsCVI\BatteryApplication\battery-tester\data\BT32_baseline_20260327_145214\phase_3\eis_measurements\geis_20260327_190038_C01.mpr
2026-03-27 19:01:54 [INFO] [BIO] EIS data: t=71.402 s, f=0.997 Hz, Re(Z)=0.043458 Ohm, -Im(Z)=0.002756 Ohm
2026-03-27 19:01:54 [INFO] [BIO] Reading EIS value at index 25 from: c:\Users\CV166\Documents\LabWindowsCVI\BatteryApplication\battery-tester\data\BT32_baseline_20260327_145214\phase_3\eis_measurements\geis_20260327_190038_C01.mpr
2026-03-27 19:01:54 [INFO] [BIO] EIS data: t=71.402 s, f=0.698 Hz, Re(Z)=0.043685 Ohm, -Im(Z)=0.003169 Ohm
2026-03-27 19:01:54 [INFO] [BIO] Reading EIS value at index 26 from: c:\Users\CV166\Documents\LabWindowsCVI\BatteryApplication\battery-tester\data\BT32_baseline_20260327_145214\phase_3\eis_measurements\geis_20260327_190038_C01.mpr
2026-03-27 19:01:54 [INFO] [BIO] EIS data: t=71.402 s, f=0.499 Hz, Re(Z)=0.044217 Ohm, -Im(Z)=0.003309 Ohm
2026-03-27 19:01:54 [INFO] [BIO] Reading EIS value at index 27 from: c:\Users\CV166\Documents\LabWindowsCVI\BatteryApplication\battery-tester\data\BT32_baseline_20260327_145214\phase_3\eis_measurements\geis_20260327_190038_C01.mpr
2026-03-27 19:01:54 [INFO] [BIO] EIS data: t=71.403 s, f=0.299 Hz, Re(Z)=0.045104 Ohm, -Im(Z)=0.004643 Ohm
2026-03-27 19:01:54 [INFO] [BIO] Reading EIS value at index 28 from: c:\Users\CV166\Documents\LabWindowsCVI\BatteryApplication\battery-tester\data\BT32_baseline_20260327_145214\phase_3\eis_measurements\geis_20260327_190038_C01.mpr
2026-03-27 19:01:54 [INFO] [BIO] EIS data: t=71.403 s, f=0.199 Hz, Re(Z)=0.046355 Ohm, -Im(Z)=0.005870 Ohm
2026-03-27 19:01:54 [INFO] [BIO] Reading EIS value at index 29 from: c:\Users\CV166\Documents\LabWindowsCVI\BatteryApplication\battery-tester\data\BT32_baseline_20260327_145214\phase_3\eis_measurements\geis_20260327_190038_C01.mpr
2026-03-27 19:01:54 [INFO] [BIO] EIS data: t=71.403 s, f=0.100 Hz, Re(Z)=0.046432 Ohm, -Im(Z)=0.005630 Ohm
2026-03-27 19:01:54 [INFO] [BIO] Successfully converted 30 data points
2026-03-27 19:01:54 [INFO] [BIO] GEIS measurement completed successfully
2026-03-27 19:01:54 [INFO] Relaxation EIS #2 completed at 0.0% SOC (OCV: 2.82035708 V, relaxation: 121 s)
2026-03-27 19:02:23 [INFO] Relaxation EIS #3 at 0.0% SOC (relaxation time: 241 s)
2026-03-27 19:02:23 [INFO] [BIO] Starting OCV measurement via EC-Lab
2026-03-27 19:02:23 [INFO] [BIO]   Settings: C:\Users\CV166\Documents\LabWindowsCVI\BatteryApplication\battery-tester\eclab_settings\ocv_default.mps
2026-03-27 19:02:23 [INFO] [BIO]   Output: c:\Users\CV166\Documents\LabWindowsCVI\BatteryApplication\battery-tester\data\BT32_baseline_20260327_145214\phase_3\eis_measurements\ocv_20260327_190223_C01.mpr
2026-03-27 19:02:23 [INFO] [BIO] Loading settings from: C:\Users\CV166\Documents\LabWindowsCVI\BatteryApplication\battery-tester\eclab_settings\ocv_default.mps
2026-03-27 19:02:24 [INFO] [BIO] Settings loaded successfully
2026-03-27 19:02:24 [INFO] [BIO] Starting measurement, output: c:\Users\CV166\Documents\LabWindowsCVI\BatteryApplication\battery-tester\data\BT32_baseline_20260327_145214\phase_3\eis_measurements\ocv_20260327_190223_C01.mpr
2026-03-27 19:02:24 [INFO] [BIO] Measurement started
2026-03-27 19:02:24 [INFO] [BIO] Monitoring measurement (timeout: 60000 ms)
2026-03-27 19:02:24 [INFO] [BIO] Status: 0, Technique: 11, Time: 71.4 s, Ewe: 2.8249 V, I: 0.0000 A
2026-03-27 19:02:27 [INFO] [BIO] Measurement started running
2026-03-27 19:02:29 [INFO] [BIO] Status: 1, Technique: 11, Time: 2.4 s, Ewe: 2.8251 V, I: 0.0000 A
2026-03-27 19:02:34 [INFO] [BIO] Status: 1, Technique: 11, Time: 7.7 s, Ewe: 2.8254 V, I: 0.0000 A
2026-03-27 19:02:37 [INFO] [BIO] Measurement completed (10.0 s, Ewe: 2.8254 V)
2026-03-27 19:02:38 [INFO] [BIO] Converting .mpr file to BIO_TechniqueData: c:\Users\CV166\Documents\LabWindowsCVI\BatteryApplication\battery-tester\data\BT32_baseline_20260327_145214\phase_3\eis_measurements\ocv_20260327_190223_C01.mpr
2026-03-27 19:02:38 [INFO] [BIO] Reading number of points from: c:\Users\CV166\Documents\LabWindowsCVI\BatteryApplication\battery-tester\data\BT32_baseline_20260327_145214\phase_3\eis_measurements\ocv_20260327_190223_C01.mpr
2026-03-27 19:02:38 [INFO] [BIO] File contains 10 data points
2026-03-27 19:02:38 [INFO] [BIO] Reading 10 data points from .mpr file
2026-03-27 19:02:38 [INFO] [BIO] Reading DC value at index 0 from: c:\Users\CV166\Documents\LabWindowsCVI\BatteryApplication\battery-tester\data\BT32_baseline_20260327_145214\phase_3\eis_measurements\ocv_20260327_190223_C01.mpr
2026-03-27 19:02:38 [INFO] [BIO] DC data: t=1.000 s, V=2.824956 V, I=0.000000 mA
2026-03-27 19:02:38 [INFO] [BIO] Reading DC value at index 1 from: c:\Users\CV166\Documents\LabWindowsCVI\BatteryApplication\battery-tester\data\BT32_baseline_20260327_145214\phase_3\eis_measurements\ocv_20260327_190223_C01.mpr
2026-03-27 19:02:38 [INFO] [BIO] DC data: t=2.000 s, V=2.824990 V, I=0.000000 mA
2026-03-27 19:02:38 [INFO] [BIO] Reading DC value at index 2 from: c:\Users\CV166\Documents\LabWindowsCVI\BatteryApplication\battery-tester\data\BT32_baseline_20260327_145214\phase_3\eis_measurements\ocv_20260327_190223_C01.mpr
2026-03-27 19:02:38 [INFO] [BIO] DC data: t=3.000 s, V=2.825079 V, I=0.000000 mA
2026-03-27 19:02:38 [INFO] [BIO] Reading DC value at index 3 from: c:\Users\CV166\Documents\LabWindowsCVI\BatteryApplication\battery-tester\data\BT32_baseline_20260327_145214\phase_3\eis_measurements\ocv_20260327_190223_C01.mpr
2026-03-27 19:02:38 [INFO] [BIO] DC data: t=4.000 s, V=2.825107 V, I=0.000000 mA
2026-03-27 19:02:38 [INFO] [BIO] Reading DC value at index 4 from: c:\Users\CV166\Documents\LabWindowsCVI\BatteryApplication\battery-tester\data\BT32_baseline_20260327_145214\phase_3\eis_measurements\ocv_20260327_190223_C01.mpr
2026-03-27 19:02:38 [INFO] [BIO] DC data: t=5.000 s, V=2.825158 V, I=0.000000 mA
2026-03-27 19:02:38 [INFO] [BIO] Reading DC value at index 5 from: c:\Users\CV166\Documents\LabWindowsCVI\BatteryApplication\battery-tester\data\BT32_baseline_20260327_145214\phase_3\eis_measurements\ocv_20260327_190223_C01.mpr
2026-03-27 19:02:38 [INFO] [BIO] DC data: t=6.000 s, V=2.825198 V, I=0.000000 mA
2026-03-27 19:02:38 [INFO] [BIO] Reading DC value at index 6 from: c:\Users\CV166\Documents\LabWindowsCVI\BatteryApplication\battery-tester\data\BT32_baseline_20260327_145214\phase_3\eis_measurements\ocv_20260327_190223_C01.mpr
2026-03-27 19:02:38 [INFO] [BIO] DC data: t=7.000 s, V=2.825239 V, I=0.000000 mA
2026-03-27 19:02:38 [INFO] [BIO] Reading DC value at index 7 from: c:\Users\CV166\Documents\LabWindowsCVI\BatteryApplication\battery-tester\data\BT32_baseline_20260327_145214\phase_3\eis_measurements\ocv_20260327_190223_C01.mpr
2026-03-27 19:02:38 [INFO] [BIO] DC data: t=8.000 s, V=2.825280 V, I=0.000000 mA
2026-03-27 19:02:38 [INFO] [BIO] Reading DC value at index 8 from: c:\Users\CV166\Documents\LabWindowsCVI\BatteryApplication\battery-tester\data\BT32_baseline_20260327_145214\phase_3\eis_measurements\ocv_20260327_190223_C01.mpr
2026-03-27 19:02:38 [INFO] [BIO] DC data: t=9.000 s, V=2.825322 V, I=0.000000 mA
2026-03-27 19:02:38 [INFO] [BIO] Reading DC value at index 9 from: c:\Users\CV166\Documents\LabWindowsCVI\BatteryApplication\battery-tester\data\BT32_baseline_20260327_145214\phase_3\eis_measurements\ocv_20260327_190223_C01.mpr
2026-03-27 19:02:38 [INFO] [BIO] DC data: t=10.000 s, V=2.825366 V, I=0.000000 mA
2026-03-27 19:02:38 [INFO] [BIO] Successfully converted 10 data points
2026-03-27 19:02:38 [INFO] [BIO] OCV measurement completed successfully
2026-03-27 19:02:38 [INFO] [BIO] Starting GEIS measurement via EC-Lab
2026-03-27 19:02:38 [INFO] [BIO]   Settings: C:\Users\CV166\Documents\LabWindowsCVI\BatteryApplication\battery-tester\eclab_settings\geis_default.mps
2026-03-27 19:02:38 [INFO] [BIO]   Output: c:\Users\CV166\Documents\LabWindowsCVI\BatteryApplication\battery-tester\data\BT32_baseline_20260327_145214\phase_3\eis_measurements\geis_20260327_190238_C01.mpr
2026-03-27 19:02:38 [INFO] [BIO] Loading settings from: C:\Users\CV166\Documents\LabWindowsCVI\BatteryApplication\battery-tester\eclab_settings\geis_default.mps
2026-03-27 19:02:38 [INFO] [BIO] Settings loaded successfully
2026-03-27 19:02:38 [INFO] [BIO] Starting measurement, output: c:\Users\CV166\Documents\LabWindowsCVI\BatteryApplication\battery-tester\data\BT32_baseline_20260327_145214\phase_3\eis_measurements\geis_20260327_190238_C01.mpr
2026-03-27 19:02:39 [INFO] [BIO] Measurement started
2026-03-27 19:02:39 [INFO] [BIO] Monitoring measurement (timeout: 300000 ms)
2026-03-27 19:02:39 [INFO] [BIO] Status: 0, Technique: 30, Time: 10.0 s, Ewe: 2.8253 V, I: 0.0000 A
2026-03-27 19:02:42 [INFO] [BIO] Measurement started running
2026-03-27 19:02:44 [INFO] [BIO] Status: 1, Technique: 30, Time: 2.5 s, Ewe: 2.8398 V, I: 491.1563 A
2026-03-27 19:02:49 [INFO] [BIO] Status: 1, Technique: 30, Time: 7.8 s, Ewe: 2.8234 V, I: -32.3656 A
2026-03-27 19:02:55 [INFO] [BIO] Status: 1, Technique: 30, Time: 13.2 s, Ewe: 2.8428 V, I: 451.3488 A
2026-03-27 19:03:00 [INFO] [BIO] Status: 1, Technique: 30, Time: 18.5 s, Ewe: 2.8119 V, I: -431.6607 A
2026-03-27 19:03:05 [INFO] [BIO] Status: 1, Technique: 30, Time: 23.9 s, Ewe: 2.8243 V, I: 4.3089 A
2026-03-27 19:03:11 [INFO] [BIO] Status: 1, Technique: 30, Time: 29.3 s, Ewe: 2.8284 V, I: 108.6320 A
2026-03-27 19:03:16 [INFO] [BIO] Status: 1, Technique: 30, Time: 34.7 s, Ewe: 2.8263 V, I: -14.9848 A
2026-03-27 19:03:22 [INFO] [BIO] Status: 1, Technique: 30, Time: 40.1 s, Ewe: 2.8196 V, I: -166.9828 A
2026-03-27 19:03:27 [INFO] [BIO] Status: 1, Technique: 30, Time: 45.5 s, Ewe: 2.8293 V, I: 103.5798 A
2026-03-27 19:03:32 [INFO] [BIO] Status: 1, Technique: 30, Time: 51.0 s, Ewe: 2.8289 V, I: 131.8467 A
2026-03-27 19:03:38 [INFO] [BIO] Status: 1, Technique: 30, Time: 56.3 s, Ewe: 2.8290 V, I: 40.9135 A
2026-03-27 19:03:43 [INFO] [BIO] Status: 1, Technique: 30, Time: 61.8 s, Ewe: 2.8361 V, I: 106.6873 A
2026-03-27 19:03:49 [INFO] [BIO] Status: 1, Technique: 30, Time: 67.2 s, Ewe: 2.8280 V, I: -60.7787 A
2026-03-27 19:03:53 [INFO] [BIO] Measurement completed (71.4 s, Ewe: 2.8298 V)
2026-03-27 19:03:54 [INFO] [BIO] Converting .mpr file to BIO_TechniqueData: c:\Users\CV166\Documents\LabWindowsCVI\BatteryApplication\battery-tester\data\BT32_baseline_20260327_145214\phase_3\eis_measurements\geis_20260327_190238_C01.mpr
2026-03-27 19:03:54 [INFO] [BIO] Reading number of points from: c:\Users\CV166\Documents\LabWindowsCVI\BatteryApplication\battery-tester\data\BT32_baseline_20260327_145214\phase_3\eis_measurements\geis_20260327_190238_C01.mpr
2026-03-27 19:03:54 [INFO] [BIO] File contains 30 data points
2026-03-27 19:03:54 [INFO] [BIO] Reading 30 data points from .mpr file
2026-03-27 19:03:54 [INFO] [BIO] Reading EIS value at index 0 from: c:\Users\CV166\Documents\LabWindowsCVI\BatteryApplication\battery-tester\data\BT32_baseline_20260327_145214\phase_3\eis_measurements\geis_20260327_190238_C01.mpr
2026-03-27 19:03:54 [INFO] [BIO] EIS data: t=1.124 s, f=10002.226 Hz, Re(Z)=0.037784 Ohm, -Im(Z)=-0.030483 Ohm
2026-03-27 19:03:54 [INFO] [BIO] Reading EIS value at index 1 from: c:\Users\CV166\Documents\LabWindowsCVI\BatteryApplication\battery-tester\data\BT32_baseline_20260327_145214\phase_3\eis_measurements\geis_20260327_190238_C01.mpr
2026-03-27 19:03:54 [INFO] [BIO] EIS data: t=2.018 s, f=6811.067 Hz, Re(Z)=0.037077 Ohm, -Im(Z)=-0.020887 Ohm
2026-03-27 19:03:54 [INFO] [BIO] Reading EIS value at index 2 from: c:\Users\CV166\Documents\LabWindowsCVI\BatteryApplication\battery-tester\data\BT32_baseline_20260327_145214\phase_3\eis_measurements\geis_20260327_190238_C01.mpr
2026-03-27 19:03:54 [INFO] [BIO] EIS data: t=3.149 s, f=4641.485 Hz, Re(Z)=0.036680 Ohm, -Im(Z)=-0.014285 Ohm
2026-03-27 19:03:54 [INFO] [BIO] Reading EIS value at index 3 from: c:\Users\CV166\Documents\LabWindowsCVI\BatteryApplication\battery-tester\data\BT32_baseline_20260327_145214\phase_3\eis_measurements\geis_20260327_190238_C01.mpr
2026-03-27 19:03:54 [INFO] [BIO] EIS data: t=4.280 s, f=3161.012 Hz, Re(Z)=0.036484 Ohm, -Im(Z)=-0.009550 Ohm
2026-03-27 19:03:54 [INFO] [BIO] Reading EIS value at index 4 from: c:\Users\CV166\Documents\LabWindowsCVI\BatteryApplication\battery-tester\data\BT32_baseline_20260327_145214\phase_3\eis_measurements\geis_20260327_190238_C01.mpr
2026-03-27 19:03:54 [INFO] [BIO] EIS data: t=5.412 s, f=2155.690 Hz, Re(Z)=0.036426 Ohm, -Im(Z)=-0.006286 Ohm
2026-03-27 19:03:54 [INFO] [BIO] Reading EIS value at index 5 from: c:\Users\CV166\Documents\LabWindowsCVI\BatteryApplication\battery-tester\data\BT32_baseline_20260327_145214\phase_3\eis_measurements\geis_20260327_190238_C01.mpr
2026-03-27 19:03:54 [INFO] [BIO] EIS data: t=6.544 s, f=1468.590 Hz, Re(Z)=0.036498 Ohm, -Im(Z)=-0.003896 Ohm
2026-03-27 19:03:54 [INFO] [BIO] Reading EIS value at index 6 from: c:\Users\CV166\Documents\LabWindowsCVI\BatteryApplication\battery-tester\data\BT32_baseline_20260327_145214\phase_3\eis_measurements\geis_20260327_190238_C01.mpr
2026-03-27 19:03:54 [INFO] [BIO] EIS data: t=7.676 s, f=1000.320 Hz, Re(Z)=0.036655 Ohm, -Im(Z)=-0.002394 Ohm
2026-03-27 19:03:54 [INFO] [BIO] Reading EIS value at index 7 from: c:\Users\CV166\Documents\LabWindowsCVI\BatteryApplication\battery-tester\data\BT32_baseline_20260327_145214\phase_3\eis_measurements\geis_20260327_190238_C01.mpr
2026-03-27 19:03:54 [INFO] [BIO] EIS data: t=8.806 s, f=681.090 Hz, Re(Z)=0.036873 Ohm, -Im(Z)=-0.001281 Ohm
2026-03-27 19:03:54 [INFO] [BIO] Reading EIS value at index 8 from: c:\Users\CV166\Documents\LabWindowsCVI\BatteryApplication\battery-tester\data\BT32_baseline_20260327_145214\phase_3\eis_measurements\geis_20260327_190238_C01.mpr
2026-03-27 19:03:54 [INFO] [BIO] EIS data: t=9.938 s, f=463.961 Hz, Re(Z)=0.037120 Ohm, -Im(Z)=-0.000475 Ohm
2026-03-27 19:03:54 [INFO] [BIO] Reading EIS value at index 9 from: c:\Users\CV166\Documents\LabWindowsCVI\BatteryApplication\battery-tester\data\BT32_baseline_20260327_145214\phase_3\eis_measurements\geis_20260327_190238_C01.mpr
2026-03-27 19:03:54 [INFO] [BIO] EIS data: t=11.064 s, f=316.316 Hz, Re(Z)=0.037386 Ohm, -Im(Z)=0.000074 Ohm
2026-03-27 19:03:54 [INFO] [BIO] Reading EIS value at index 10 from: c:\Users\CV166\Documents\LabWindowsCVI\BatteryApplication\battery-tester\data\BT32_baseline_20260327_145214\phase_3\eis_measurements\geis_20260327_190238_C01.mpr
2026-03-27 19:03:54 [INFO] [BIO] EIS data: t=12.193 s, f=215.345 Hz, Re(Z)=0.037680 Ohm, -Im(Z)=0.000460 Ohm
2026-03-27 19:03:54 [INFO] [BIO] Reading EIS value at index 11 from: c:\Users\CV166\Documents\LabWindowsCVI\BatteryApplication\battery-tester\data\BT32_baseline_20260327_145214\phase_3\eis_measurements\geis_20260327_190238_C01.mpr
2026-03-27 19:03:54 [INFO] [BIO] EIS data: t=13.313 s, f=146.737 Hz, Re(Z)=0.037976 Ohm, -Im(Z)=0.000745 Ohm
2026-03-27 19:03:54 [INFO] [BIO] Reading EIS value at index 12 from: c:\Users\CV166\Documents\LabWindowsCVI\BatteryApplication\battery-tester\data\BT32_baseline_20260327_145214\phase_3\eis_measurements\geis_20260327_190238_C01.mpr
2026-03-27 19:03:54 [INFO] [BIO] EIS data: t=14.444 s, f=100.032 Hz, Re(Z)=0.038299 Ohm, -Im(Z)=0.000875 Ohm
2026-03-27 19:03:54 [INFO] [BIO] Reading EIS value at index 13 from: c:\Users\CV166\Documents\LabWindowsCVI\BatteryApplication\battery-tester\data\BT32_baseline_20260327_145214\phase_3\eis_measurements\geis_20260327_190238_C01.mpr
2026-03-27 19:03:54 [INFO] [BIO] EIS data: t=15.603 s, f=68.104 Hz, Re(Z)=0.038583 Ohm, -Im(Z)=0.001056 Ohm
2026-03-27 19:03:54 [INFO] [BIO] Reading EIS value at index 14 from: c:\Users\CV166\Documents\LabWindowsCVI\BatteryApplication\battery-tester\data\BT32_baseline_20260327_145214\phase_3\eis_measurements\geis_20260327_190238_C01.mpr
2026-03-27 19:03:54 [INFO] [BIO] EIS data: t=16.703 s, f=46.442 Hz, Re(Z)=0.038895 Ohm, -Im(Z)=0.001181 Ohm
2026-03-27 19:03:54 [INFO] [BIO] Reading EIS value at index 15 from: c:\Users\CV166\Documents\LabWindowsCVI\BatteryApplication\battery-tester\data\BT32_baseline_20260327_145214\phase_3\eis_measurements\geis_20260327_190238_C01.mpr
2026-03-27 19:03:54 [INFO] [BIO] EIS data: t=17.784 s, f=31.630 Hz, Re(Z)=0.039188 Ohm, -Im(Z)=0.001203 Ohm
2026-03-27 19:03:54 [INFO] [BIO] Reading EIS value at index 16 from: c:\Users\CV166\Documents\LabWindowsCVI\BatteryApplication\battery-tester\data\BT32_baseline_20260327_145214\phase_3\eis_measurements\geis_20260327_190238_C01.mpr
2026-03-27 19:03:54 [INFO] [BIO] EIS data: t=18.845 s, f=21.552 Hz, Re(Z)=0.039518 Ohm, -Im(Z)=0.001389 Ohm
2026-03-27 19:03:54 [INFO] [BIO] Reading EIS value at index 17 from: c:\Users\CV166\Documents\LabWindowsCVI\BatteryApplication\battery-tester\data\BT32_baseline_20260327_145214\phase_3\eis_measurements\geis_20260327_190238_C01.mpr
2026-03-27 19:03:54 [INFO] [BIO] EIS data: t=19.997 s, f=14.685 Hz, Re(Z)=0.039827 Ohm, -Im(Z)=0.001519 Ohm
2026-03-27 19:03:54 [INFO] [BIO] Reading EIS value at index 18 from: c:\Users\CV166\Documents\LabWindowsCVI\BatteryApplication\battery-tester\data\BT32_baseline_20260327_145214\phase_3\eis_measurements\geis_20260327_190238_C01.mpr
2026-03-27 19:03:54 [INFO] [BIO] EIS data: t=71.401 s, f=9.973 Hz, Re(Z)=0.040212 Ohm, -Im(Z)=0.001671 Ohm
2026-03-27 19:03:54 [INFO] [BIO] Reading EIS value at index 19 from: c:\Users\CV166\Documents\LabWindowsCVI\BatteryApplication\battery-tester\data\BT32_baseline_20260327_145214\phase_3\eis_measurements\geis_20260327_190238_C01.mpr
2026-03-27 19:03:54 [INFO] [BIO] EIS data: t=71.401 s, f=6.782 Hz, Re(Z)=0.040637 Ohm, -Im(Z)=0.001853 Ohm
2026-03-27 19:03:54 [INFO] [BIO] Reading EIS value at index 20 from: c:\Users\CV166\Documents\LabWindowsCVI\BatteryApplication\battery-tester\data\BT32_baseline_20260327_145214\phase_3\eis_measurements\geis_20260327_190238_C01.mpr
2026-03-27 19:03:54 [INFO] [BIO] EIS data: t=71.401 s, f=4.687 Hz, Re(Z)=0.041070 Ohm, -Im(Z)=0.002018 Ohm
2026-03-27 19:03:54 [INFO] [BIO] Reading EIS value at index 21 from: c:\Users\CV166\Documents\LabWindowsCVI\BatteryApplication\battery-tester\data\BT32_baseline_20260327_145214\phase_3\eis_measurements\geis_20260327_190238_C01.mpr
2026-03-27 19:03:54 [INFO] [BIO] EIS data: t=71.401 s, f=3.191 Hz, Re(Z)=0.041561 Ohm, -Im(Z)=0.002189 Ohm
2026-03-27 19:03:54 [INFO] [BIO] Reading EIS value at index 22 from: c:\Users\CV166\Documents\LabWindowsCVI\BatteryApplication\battery-tester\data\BT32_baseline_20260327_145214\phase_3\eis_measurements\geis_20260327_190238_C01.mpr
2026-03-27 19:03:54 [INFO] [BIO] EIS data: t=71.401 s, f=2.194 Hz, Re(Z)=0.042062 Ohm, -Im(Z)=0.002383 Ohm
2026-03-27 19:03:54 [INFO] [BIO] Reading EIS value at index 23 from: c:\Users\CV166\Documents\LabWindowsCVI\BatteryApplication\battery-tester\data\BT32_baseline_20260327_145214\phase_3\eis_measurements\geis_20260327_190238_C01.mpr
2026-03-27 19:03:54 [INFO] [BIO] EIS data: t=71.402 s, f=1.496 Hz, Re(Z)=0.042603 Ohm, -Im(Z)=0.002659 Ohm
2026-03-27 19:03:54 [INFO] [BIO] Reading EIS value at index 24 from: c:\Users\CV166\Documents\LabWindowsCVI\BatteryApplication\battery-tester\data\BT32_baseline_20260327_145214\phase_3\eis_measurements\geis_20260327_190238_C01.mpr
2026-03-27 19:03:54 [INFO] [BIO] EIS data: t=71.402 s, f=0.997 Hz, Re(Z)=0.043390 Ohm, -Im(Z)=0.002713 Ohm
2026-03-27 19:03:54 [INFO] [BIO] Reading EIS value at index 25 from: c:\Users\CV166\Documents\LabWindowsCVI\BatteryApplication\battery-tester\data\BT32_baseline_20260327_145214\phase_3\eis_measurements\geis_20260327_190238_C01.mpr
2026-03-27 19:03:54 [INFO] [BIO] EIS data: t=71.402 s, f=0.698 Hz, Re(Z)=0.043632 Ohm, -Im(Z)=0.003111 Ohm
2026-03-27 19:03:54 [INFO] [BIO] Reading EIS value at index 26 from: c:\Users\CV166\Documents\LabWindowsCVI\BatteryApplication\battery-tester\data\BT32_baseline_20260327_145214\phase_3\eis_measurements\geis_20260327_190238_C01.mpr
2026-03-27 19:03:54 [INFO] [BIO] EIS data: t=71.402 s, f=0.499 Hz, Re(Z)=0.044137 Ohm, -Im(Z)=0.003255 Ohm
2026-03-27 19:03:54 [INFO] [BIO] Reading EIS value at index 27 from: c:\Users\CV166\Documents\LabWindowsCVI\BatteryApplication\battery-tester\data\BT32_baseline_20260327_145214\phase_3\eis_measurements\geis_20260327_190238_C01.mpr
2026-03-27 19:03:54 [INFO] [BIO] EIS data: t=71.402 s, f=0.299 Hz, Re(Z)=0.045017 Ohm, -Im(Z)=0.004546 Ohm
2026-03-27 19:03:54 [INFO] [BIO] Reading EIS value at index 28 from: c:\Users\CV166\Documents\LabWindowsCVI\BatteryApplication\battery-tester\data\BT32_baseline_20260327_145214\phase_3\eis_measurements\geis_20260327_190238_C01.mpr
2026-03-27 19:03:54 [INFO] [BIO] EIS data: t=71.402 s, f=0.199 Hz, Re(Z)=0.046249 Ohm, -Im(Z)=0.005750 Ohm
2026-03-27 19:03:54 [INFO] [BIO] Reading EIS value at index 29 from: c:\Users\CV166\Documents\LabWindowsCVI\BatteryApplication\battery-tester\data\BT32_baseline_20260327_145214\phase_3\eis_measurements\geis_20260327_190238_C01.mpr
2026-03-27 19:03:54 [INFO] [BIO] EIS data: t=71.402 s, f=0.100 Hz, Re(Z)=0.046360 Ohm, -Im(Z)=0.005562 Ohm
2026-03-27 19:03:54 [INFO] [BIO] Successfully converted 30 data points
2026-03-27 19:03:54 [INFO] [BIO] GEIS measurement completed successfully
2026-03-27 19:03:54 [INFO] Relaxation EIS #3 completed at 0.0% SOC (OCV: 2.82536602 V, relaxation: 241 s)
2026-03-27 19:04:24 [INFO] Relaxation EIS #4 at 0.0% SOC (relaxation time: 361 s)
2026-03-27 19:04:24 [INFO] [BIO] Starting OCV measurement via EC-Lab
2026-03-27 19:04:24 [INFO] [BIO]   Settings: C:\Users\CV166\Documents\LabWindowsCVI\BatteryApplication\battery-tester\eclab_settings\ocv_default.mps
2026-03-27 19:04:24 [INFO] [BIO]   Output: c:\Users\CV166\Documents\LabWindowsCVI\BatteryApplication\battery-tester\data\BT32_baseline_20260327_145214\phase_3\eis_measurements\ocv_20260327_190424_C01.mpr
2026-03-27 19:04:24 [INFO] [BIO] Loading settings from: C:\Users\CV166\Documents\LabWindowsCVI\BatteryApplication\battery-tester\eclab_settings\ocv_default.mps
2026-03-27 19:04:24 [INFO] [BIO] Settings loaded successfully
2026-03-27 19:04:24 [INFO] [BIO] Starting measurement, output: c:\Users\CV166\Documents\LabWindowsCVI\BatteryApplication\battery-tester\data\BT32_baseline_20260327_145214\phase_3\eis_measurements\ocv_20260327_190424_C01.mpr
2026-03-27 19:04:24 [INFO] [BIO] Measurement started
2026-03-27 19:04:24 [INFO] [BIO] Monitoring measurement (timeout: 60000 ms)
2026-03-27 19:04:24 [INFO] [BIO] Status: 0, Technique: 11, Time: 71.4 s, Ewe: 2.8294 V, I: 0.0000 A
2026-03-27 19:04:28 [INFO] [BIO] Measurement started running
2026-03-27 19:04:30 [INFO] [BIO] Status: 1, Technique: 11, Time: 2.4 s, Ewe: 2.8295 V, I: 0.0000 A
2026-03-27 19:04:35 [INFO] [BIO] Status: 1, Technique: 11, Time: 7.8 s, Ewe: 2.8300 V, I: 0.0000 A
2026-03-27 19:04:38 [INFO] [BIO] Measurement completed (10.0 s, Ewe: 2.8302 V)
2026-03-27 19:04:39 [INFO] [BIO] Converting .mpr file to BIO_TechniqueData: c:\Users\CV166\Documents\LabWindowsCVI\BatteryApplication\battery-tester\data\BT32_baseline_20260327_145214\phase_3\eis_measurements\ocv_20260327_190424_C01.mpr
2026-03-27 19:04:39 [INFO] [BIO] Reading number of points from: c:\Users\CV166\Documents\LabWindowsCVI\BatteryApplication\battery-tester\data\BT32_baseline_20260327_145214\phase_3\eis_measurements\ocv_20260327_190424_C01.mpr
2026-03-27 19:04:39 [INFO] [BIO] File contains 10 data points
2026-03-27 19:04:39 [INFO] [BIO] Reading 10 data points from .mpr file
2026-03-27 19:04:39 [INFO] [BIO] Reading DC value at index 0 from: c:\Users\CV166\Documents\LabWindowsCVI\BatteryApplication\battery-tester\data\BT32_baseline_20260327_145214\phase_3\eis_measurements\ocv_20260327_190424_C01.mpr
2026-03-27 19:04:39 [INFO] [BIO] DC data: t=1.000 s, V=2.829545 V, I=0.000000 mA
2026-03-27 19:04:39 [INFO] [BIO] Reading DC value at index 1 from: c:\Users\CV166\Documents\LabWindowsCVI\BatteryApplication\battery-tester\data\BT32_baseline_20260327_145214\phase_3\eis_measurements\ocv_20260327_190424_C01.mpr
2026-03-27 19:04:39 [INFO] [BIO] DC data: t=2.000 s, V=2.829583 V, I=0.000000 mA
2026-03-27 19:04:39 [INFO] [BIO] Reading DC value at index 2 from: c:\Users\CV166\Documents\LabWindowsCVI\BatteryApplication\battery-tester\data\BT32_baseline_20260327_145214\phase_3\eis_measurements\ocv_20260327_190424_C01.mpr
2026-03-27 19:04:39 [INFO] [BIO] DC data: t=3.000 s, V=2.829617 V, I=0.000000 mA
2026-03-27 19:04:39 [INFO] [BIO] Reading DC value at index 3 from: c:\Users\CV166\Documents\LabWindowsCVI\BatteryApplication\battery-tester\data\BT32_baseline_20260327_145214\phase_3\eis_measurements\ocv_20260327_190424_C01.mpr
2026-03-27 19:04:39 [INFO] [BIO] DC data: t=4.000 s, V=2.829659 V, I=0.000000 mA
2026-03-27 19:04:39 [INFO] [BIO] Reading DC value at index 4 from: c:\Users\CV166\Documents\LabWindowsCVI\BatteryApplication\battery-tester\data\BT32_baseline_20260327_145214\phase_3\eis_measurements\ocv_20260327_190424_C01.mpr
2026-03-27 19:04:39 [INFO] [BIO] DC data: t=5.000 s, V=2.829700 V, I=0.000000 mA
2026-03-27 19:04:39 [INFO] [BIO] Reading DC value at index 5 from: c:\Users\CV166\Documents\LabWindowsCVI\BatteryApplication\battery-tester\data\BT32_baseline_20260327_145214\phase_3\eis_measurements\ocv_20260327_190424_C01.mpr
2026-03-27 19:04:39 [INFO] [BIO] DC data: t=6.000 s, V=2.829734 V, I=0.000000 mA
2026-03-27 19:04:39 [INFO] [BIO] Reading DC value at index 6 from: c:\Users\CV166\Documents\LabWindowsCVI\BatteryApplication\battery-tester\data\BT32_baseline_20260327_145214\phase_3\eis_measurements\ocv_20260327_190424_C01.mpr
2026-03-27 19:04:39 [INFO] [BIO] DC data: t=7.000 s, V=2.829771 V, I=0.000000 mA
2026-03-27 19:04:39 [INFO] [BIO] Reading DC value at index 7 from: c:\Users\CV166\Documents\LabWindowsCVI\BatteryApplication\battery-tester\data\BT32_baseline_20260327_145214\phase_3\eis_measurements\ocv_20260327_190424_C01.mpr
2026-03-27 19:04:39 [INFO] [BIO] DC data: t=8.000 s, V=2.829809 V, I=0.000000 mA
2026-03-27 19:04:39 [INFO] [BIO] Reading DC value at index 8 from: c:\Users\CV166\Documents\LabWindowsCVI\BatteryApplication\battery-tester\data\BT32_baseline_20260327_145214\phase_3\eis_measurements\ocv_20260327_190424_C01.mpr
2026-03-27 19:04:39 [INFO] [BIO] DC data: t=9.000 s, V=2.829848 V, I=0.000000 mA
2026-03-27 19:04:39 [INFO] [BIO] Reading DC value at index 9 from: c:\Users\CV166\Documents\LabWindowsCVI\BatteryApplication\battery-tester\data\BT32_baseline_20260327_145214\phase_3\eis_measurements\ocv_20260327_190424_C01.mpr
2026-03-27 19:04:39 [INFO] [BIO] DC data: t=10.000 s, V=2.829887 V, I=0.000000 mA
2026-03-27 19:04:39 [INFO] [BIO] Successfully converted 10 data points
2026-03-27 19:04:39 [INFO] [BIO] OCV measurement completed successfully
2026-03-27 19:04:39 [INFO] [BIO] Starting GEIS measurement via EC-Lab
2026-03-27 19:04:39 [INFO] [BIO]   Settings: C:\Users\CV166\Documents\LabWindowsCVI\BatteryApplication\battery-tester\eclab_settings\geis_default.mps
2026-03-27 19:04:39 [INFO] [BIO]   Output: c:\Users\CV166\Documents\LabWindowsCVI\BatteryApplication\battery-tester\data\BT32_baseline_20260327_145214\phase_3\eis_measurements\geis_20260327_190439_C01.mpr
2026-03-27 19:04:39 [INFO] [BIO] Loading settings from: C:\Users\CV166\Documents\LabWindowsCVI\BatteryApplication\battery-tester\eclab_settings\geis_default.mps
2026-03-27 19:04:39 [INFO] [BIO] Settings loaded successfully
2026-03-27 19:04:39 [INFO] [BIO] Starting measurement, output: c:\Users\CV166\Documents\LabWindowsCVI\BatteryApplication\battery-tester\data\BT32_baseline_20260327_145214\phase_3\eis_measurements\geis_20260327_190439_C01.mpr
2026-03-27 19:04:39 [INFO] [BIO] Measurement started
2026-03-27 19:04:39 [INFO] [BIO] Monitoring measurement (timeout: 300000 ms)
2026-03-27 19:04:39 [INFO] [BIO] Status: 0, Technique: 30, Time: 10.0 s, Ewe: 2.8300 V, I: 0.0000 A
2026-03-27 19:04:42 [INFO] [BIO] Measurement started running
2026-03-27 19:04:45 [INFO] [BIO] Status: 1, Technique: 30, Time: 2.5 s, Ewe: 2.8442 V, I: 223.4852 A
2026-03-27 19:04:50 [INFO] [BIO] Status: 1, Technique: 30, Time: 7.9 s, Ewe: 2.8451 V, I: 294.4829 A
2026-03-27 19:04:55 [INFO] [BIO] Status: 1, Technique: 30, Time: 13.2 s, Ewe: 2.8499 V, I: 345.8056 A
2026-03-27 19:05:01 [INFO] [BIO] Status: 1, Technique: 30, Time: 18.7 s, Ewe: 2.8531 V, I: 301.1175 A
2026-03-27 19:05:06 [INFO] [BIO] Status: 1, Technique: 30, Time: 24.1 s, Ewe: 2.8466 V, I: 322.5401 A
2026-03-27 19:05:12 [INFO] [BIO] Status: 1, Technique: 30, Time: 29.4 s, Ewe: 2.8449 V, I: 230.6409 A
2026-03-27 19:05:17 [INFO] [BIO] Status: 1, Technique: 30, Time: 34.9 s, Ewe: 2.8239 V, I: -83.6883 A
2026-03-27 19:05:22 [INFO] [BIO] Status: 1, Technique: 30, Time: 40.3 s, Ewe: 2.8303 V, I: 7.5435 A
2026-03-27 19:05:28 [INFO] [BIO] Status: 1, Technique: 30, Time: 45.7 s, Ewe: 2.8279 V, I: -109.1273 A
2026-03-27 19:05:33 [INFO] [BIO] Status: 1, Technique: 30, Time: 51.1 s, Ewe: 2.8197 V, I: -368.9626 A
2026-03-27 19:05:39 [INFO] [BIO] Status: 1, Technique: 30, Time: 56.4 s, Ewe: 2.8239 V, I: -229.7762 A
2026-03-27 19:05:44 [INFO] [BIO] Status: 1, Technique: 30, Time: 61.8 s, Ewe: 2.8387 V, I: 87.3746 A
2026-03-27 19:05:49 [INFO] [BIO] Status: 1, Technique: 30, Time: 67.1 s, Ewe: 2.8188 V, I: -295.0544 A
2026-03-27 19:05:54 [INFO] [BIO] Measurement completed (71.4 s, Ewe: 2.8319 V)
2026-03-27 19:05:55 [INFO] [BIO] Converting .mpr file to BIO_TechniqueData: c:\Users\CV166\Documents\LabWindowsCVI\BatteryApplication\battery-tester\data\BT32_baseline_20260327_145214\phase_3\eis_measurements\geis_20260327_190439_C01.mpr
2026-03-27 19:05:55 [INFO] [BIO] Reading number of points from: c:\Users\CV166\Documents\LabWindowsCVI\BatteryApplication\battery-tester\data\BT32_baseline_20260327_145214\phase_3\eis_measurements\geis_20260327_190439_C01.mpr
2026-03-27 19:05:55 [INFO] [BIO] File contains 30 data points
2026-03-27 19:05:55 [INFO] [BIO] Reading 30 data points from .mpr file
2026-03-27 19:05:55 [INFO] [BIO] Reading EIS value at index 0 from: c:\Users\CV166\Documents\LabWindowsCVI\BatteryApplication\battery-tester\data\BT32_baseline_20260327_145214\phase_3\eis_measurements\geis_20260327_190439_C01.mpr
2026-03-27 19:05:55 [INFO] [BIO] EIS data: t=1.122 s, f=10002.226 Hz, Re(Z)=0.037773 Ohm, -Im(Z)=-0.030478 Ohm
2026-03-27 19:05:55 [INFO] [BIO] Reading EIS value at index 1 from: c:\Users\CV166\Documents\LabWindowsCVI\BatteryApplication\battery-tester\data\BT32_baseline_20260327_145214\phase_3\eis_measurements\geis_20260327_190439_C01.mpr
2026-03-27 19:05:55 [INFO] [BIO] EIS data: t=2.018 s, f=6811.067 Hz, Re(Z)=0.037078 Ohm, -Im(Z)=-0.020956 Ohm
2026-03-27 19:05:55 [INFO] [BIO] Reading EIS value at index 2 from: c:\Users\CV166\Documents\LabWindowsCVI\BatteryApplication\battery-tester\data\BT32_baseline_20260327_145214\phase_3\eis_measurements\geis_20260327_190439_C01.mpr
2026-03-27 19:05:55 [INFO] [BIO] EIS data: t=3.149 s, f=4641.485 Hz, Re(Z)=0.036685 Ohm, -Im(Z)=-0.014209 Ohm
2026-03-27 19:05:55 [INFO] [BIO] Reading EIS value at index 3 from: c:\Users\CV166\Documents\LabWindowsCVI\BatteryApplication\battery-tester\data\BT32_baseline_20260327_145214\phase_3\eis_measurements\geis_20260327_190439_C01.mpr
2026-03-27 19:05:55 [INFO] [BIO] EIS data: t=4.281 s, f=3161.012 Hz, Re(Z)=0.036442 Ohm, -Im(Z)=-0.009592 Ohm
2026-03-27 19:05:55 [INFO] [BIO] Reading EIS value at index 4 from: c:\Users\CV166\Documents\LabWindowsCVI\BatteryApplication\battery-tester\data\BT32_baseline_20260327_145214\phase_3\eis_measurements\geis_20260327_190439_C01.mpr
2026-03-27 19:05:55 [INFO] [BIO] EIS data: t=5.413 s, f=2155.690 Hz, Re(Z)=0.036433 Ohm, -Im(Z)=-0.006291 Ohm
2026-03-27 19:05:55 [INFO] [BIO] Reading EIS value at index 5 from: c:\Users\CV166\Documents\LabWindowsCVI\BatteryApplication\battery-tester\data\BT32_baseline_20260327_145214\phase_3\eis_measurements\geis_20260327_190439_C01.mpr
2026-03-27 19:05:55 [INFO] [BIO] EIS data: t=6.545 s, f=1468.590 Hz, Re(Z)=0.036515 Ohm, -Im(Z)=-0.003982 Ohm
2026-03-27 19:05:55 [INFO] [BIO] Reading EIS value at index 6 from: c:\Users\CV166\Documents\LabWindowsCVI\BatteryApplication\battery-tester\data\BT32_baseline_20260327_145214\phase_3\eis_measurements\geis_20260327_190439_C01.mpr
2026-03-27 19:05:55 [INFO] [BIO] EIS data: t=7.677 s, f=1000.320 Hz, Re(Z)=0.036680 Ohm, -Im(Z)=-0.002395 Ohm
2026-03-27 19:05:55 [INFO] [BIO] Reading EIS value at index 7 from: c:\Users\CV166\Documents\LabWindowsCVI\BatteryApplication\battery-tester\data\BT32_baseline_20260327_145214\phase_3\eis_measurements\geis_20260327_190439_C01.mpr
2026-03-27 19:05:55 [INFO] [BIO] EIS data: t=8.807 s, f=681.090 Hz, Re(Z)=0.036872 Ohm, -Im(Z)=-0.001262 Ohm
2026-03-27 19:05:55 [INFO] [BIO] Reading EIS value at index 8 from: c:\Users\CV166\Documents\LabWindowsCVI\BatteryApplication\battery-tester\data\BT32_baseline_20260327_145214\phase_3\eis_measurements\geis_20260327_190439_C01.mpr
2026-03-27 19:05:55 [INFO] [BIO] EIS data: t=9.939 s, f=463.961 Hz, Re(Z)=0.037116 Ohm, -Im(Z)=-0.000478 Ohm
2026-03-27 19:05:55 [INFO] [BIO] Reading EIS value at index 9 from: c:\Users\CV166\Documents\LabWindowsCVI\BatteryApplication\battery-tester\data\BT32_baseline_20260327_145214\phase_3\eis_measurements\geis_20260327_190439_C01.mpr
2026-03-27 19:05:55 [INFO] [BIO] EIS data: t=11.065 s, f=316.316 Hz, Re(Z)=0.037368 Ohm, -Im(Z)=0.000065 Ohm
2026-03-27 19:05:55 [INFO] [BIO] Reading EIS value at index 10 from: c:\Users\CV166\Documents\LabWindowsCVI\BatteryApplication\battery-tester\data\BT32_baseline_20260327_145214\phase_3\eis_measurements\geis_20260327_190439_C01.mpr
2026-03-27 19:05:55 [INFO] [BIO] EIS data: t=12.196 s, f=215.345 Hz, Re(Z)=0.037670 Ohm, -Im(Z)=0.000475 Ohm
2026-03-27 19:05:55 [INFO] [BIO] Reading EIS value at index 11 from: c:\Users\CV166\Documents\LabWindowsCVI\BatteryApplication\battery-tester\data\BT32_baseline_20260327_145214\phase_3\eis_measurements\geis_20260327_190439_C01.mpr
2026-03-27 19:05:55 [INFO] [BIO] EIS data: t=13.316 s, f=146.737 Hz, Re(Z)=0.037959 Ohm, -Im(Z)=0.000721 Ohm
2026-03-27 19:05:55 [INFO] [BIO] Reading EIS value at index 12 from: c:\Users\CV166\Documents\LabWindowsCVI\BatteryApplication\battery-tester\data\BT32_baseline_20260327_145214\phase_3\eis_measurements\geis_20260327_190439_C01.mpr
2026-03-27 19:05:55 [INFO] [BIO] EIS data: t=14.447 s, f=100.032 Hz, Re(Z)=0.038273 Ohm, -Im(Z)=0.000943 Ohm
2026-03-27 19:05:55 [INFO] [BIO] Reading EIS value at index 13 from: c:\Users\CV166\Documents\LabWindowsCVI\BatteryApplication\battery-tester\data\BT32_baseline_20260327_145214\phase_3\eis_measurements\geis_20260327_190439_C01.mpr
2026-03-27 19:05:55 [INFO] [BIO] EIS data: t=15.606 s, f=68.104 Hz, Re(Z)=0.038590 Ohm, -Im(Z)=0.001079 Ohm
2026-03-27 19:05:55 [INFO] [BIO] Reading EIS value at index 14 from: c:\Users\CV166\Documents\LabWindowsCVI\BatteryApplication\battery-tester\data\BT32_baseline_20260327_145214\phase_3\eis_measurements\geis_20260327_190439_C01.mpr
2026-03-27 19:05:55 [INFO] [BIO] EIS data: t=16.706 s, f=46.442 Hz, Re(Z)=0.038892 Ohm, -Im(Z)=0.001173 Ohm
2026-03-27 19:05:55 [INFO] [BIO] Reading EIS value at index 15 from: c:\Users\CV166\Documents\LabWindowsCVI\BatteryApplication\battery-tester\data\BT32_baseline_20260327_145214\phase_3\eis_measurements\geis_20260327_190439_C01.mpr
2026-03-27 19:05:55 [INFO] [BIO] EIS data: t=17.787 s, f=31.630 Hz, Re(Z)=0.039182 Ohm, -Im(Z)=0.001260 Ohm
2026-03-27 19:05:55 [INFO] [BIO] Reading EIS value at index 16 from: c:\Users\CV166\Documents\LabWindowsCVI\BatteryApplication\battery-tester\data\BT32_baseline_20260327_145214\phase_3\eis_measurements\geis_20260327_190439_C01.mpr
2026-03-27 19:05:55 [INFO] [BIO] EIS data: t=18.847 s, f=21.552 Hz, Re(Z)=0.039507 Ohm, -Im(Z)=0.001367 Ohm
2026-03-27 19:05:55 [INFO] [BIO] Reading EIS value at index 17 from: c:\Users\CV166\Documents\LabWindowsCVI\BatteryApplication\battery-tester\data\BT32_baseline_20260327_145214\phase_3\eis_measurements\geis_20260327_190439_C01.mpr
2026-03-27 19:05:55 [INFO] [BIO] EIS data: t=19.999 s, f=14.685 Hz, Re(Z)=0.039810 Ohm, -Im(Z)=0.001503 Ohm
2026-03-27 19:05:55 [INFO] [BIO] Reading EIS value at index 18 from: c:\Users\CV166\Documents\LabWindowsCVI\BatteryApplication\battery-tester\data\BT32_baseline_20260327_145214\phase_3\eis_measurements\geis_20260327_190439_C01.mpr
2026-03-27 19:05:55 [INFO] [BIO] EIS data: t=71.403 s, f=9.973 Hz, Re(Z)=0.040198 Ohm, -Im(Z)=0.001667 Ohm
2026-03-27 19:05:55 [INFO] [BIO] Reading EIS value at index 19 from: c:\Users\CV166\Documents\LabWindowsCVI\BatteryApplication\battery-tester\data\BT32_baseline_20260327_145214\phase_3\eis_measurements\geis_20260327_190439_C01.mpr
2026-03-27 19:05:55 [INFO] [BIO] EIS data: t=71.403 s, f=6.782 Hz, Re(Z)=0.040624 Ohm, -Im(Z)=0.001851 Ohm
2026-03-27 19:05:55 [INFO] [BIO] Reading EIS value at index 20 from: c:\Users\CV166\Documents\LabWindowsCVI\BatteryApplication\battery-tester\data\BT32_baseline_20260327_145214\phase_3\eis_measurements\geis_20260327_190439_C01.mpr
2026-03-27 19:05:55 [INFO] [BIO] EIS data: t=71.404 s, f=4.687 Hz, Re(Z)=0.041076 Ohm, -Im(Z)=0.002015 Ohm
2026-03-27 19:05:55 [INFO] [BIO] Reading EIS value at index 21 from: c:\Users\CV166\Documents\LabWindowsCVI\BatteryApplication\battery-tester\data\BT32_baseline_20260327_145214\phase_3\eis_measurements\geis_20260327_190439_C01.mpr
2026-03-27 19:05:55 [INFO] [BIO] EIS data: t=71.404 s, f=3.191 Hz, Re(Z)=0.041559 Ohm, -Im(Z)=0.002179 Ohm
2026-03-27 19:05:55 [INFO] [BIO] Reading EIS value at index 22 from: c:\Users\CV166\Documents\LabWindowsCVI\BatteryApplication\battery-tester\data\BT32_baseline_20260327_145214\phase_3\eis_measurements\geis_20260327_190439_C01.mpr
2026-03-27 19:05:55 [INFO] [BIO] EIS data: t=71.405 s, f=2.194 Hz, Re(Z)=0.042065 Ohm, -Im(Z)=0.002374 Ohm
2026-03-27 19:05:55 [INFO] [BIO] Reading EIS value at index 23 from: c:\Users\CV166\Documents\LabWindowsCVI\BatteryApplication\battery-tester\data\BT32_baseline_20260327_145214\phase_3\eis_measurements\geis_20260327_190439_C01.mpr
2026-03-27 19:05:55 [INFO] [BIO] EIS data: t=71.405 s, f=1.496 Hz, Re(Z)=0.042608 Ohm, -Im(Z)=0.002641 Ohm
2026-03-27 19:05:55 [INFO] [BIO] Reading EIS value at index 24 from: c:\Users\CV166\Documents\LabWindowsCVI\BatteryApplication\battery-tester\data\BT32_baseline_20260327_145214\phase_3\eis_measurements\geis_20260327_190439_C01.mpr
2026-03-27 19:05:55 [INFO] [BIO] EIS data: t=71.405 s, f=0.997 Hz, Re(Z)=0.043379 Ohm, -Im(Z)=0.002699 Ohm
2026-03-27 19:05:55 [INFO] [BIO] Reading EIS value at index 25 from: c:\Users\CV166\Documents\LabWindowsCVI\BatteryApplication\battery-tester\data\BT32_baseline_20260327_145214\phase_3\eis_measurements\geis_20260327_190439_C01.mpr
2026-03-27 19:05:55 [INFO] [BIO] EIS data: t=71.406 s, f=0.698 Hz, Re(Z)=0.043654 Ohm, -Im(Z)=0.003100 Ohm
2026-03-27 19:05:55 [INFO] [BIO] Reading EIS value at index 26 from: c:\Users\CV166\Documents\LabWindowsCVI\BatteryApplication\battery-tester\data\BT32_baseline_20260327_145214\phase_3\eis_measurements\geis_20260327_190439_C01.mpr
2026-03-27 19:05:55 [INFO] [BIO] EIS data: t=71.406 s, f=0.499 Hz, Re(Z)=0.044160 Ohm, -Im(Z)=0.003251 Ohm
2026-03-27 19:05:55 [INFO] [BIO] Reading EIS value at index 27 from: c:\Users\CV166\Documents\LabWindowsCVI\BatteryApplication\battery-tester\data\BT32_baseline_20260327_145214\phase_3\eis_measurements\geis_20260327_190439_C01.mpr
2026-03-27 19:05:55 [INFO] [BIO] EIS data: t=71.407 s, f=0.299 Hz, Re(Z)=0.045041 Ohm, -Im(Z)=0.004469 Ohm
2026-03-27 19:05:55 [INFO] [BIO] Reading EIS value at index 28 from: c:\Users\CV166\Documents\LabWindowsCVI\BatteryApplication\battery-tester\data\BT32_baseline_20260327_145214\phase_3\eis_measurements\geis_20260327_190439_C01.mpr
2026-03-27 19:05:55 [INFO] [BIO] EIS data: t=71.407 s, f=0.199 Hz, Re(Z)=0.046207 Ohm, -Im(Z)=0.005627 Ohm
2026-03-27 19:05:55 [INFO] [BIO] Reading EIS value at index 29 from: c:\Users\CV166\Documents\LabWindowsCVI\BatteryApplication\battery-tester\data\BT32_baseline_20260327_145214\phase_3\eis_measurements\geis_20260327_190439_C01.mpr
2026-03-27 19:05:55 [INFO] [BIO] EIS data: t=71.407 s, f=0.100 Hz, Re(Z)=0.046458 Ohm, -Im(Z)=0.005615 Ohm
2026-03-27 19:05:55 [INFO] [BIO] Successfully converted 30 data points
2026-03-27 19:05:55 [INFO] [BIO] GEIS measurement completed successfully
2026-03-27 19:05:55 [INFO] Relaxation EIS #4 completed at 0.0% SOC (OCV: 2.82988691 V, relaxation: 361 s)
2026-03-27 19:06:25 [INFO] Relaxation EIS #5 at 0.0% SOC (relaxation time: 481 s)
2026-03-27 19:06:25 [INFO] [BIO] Starting OCV measurement via EC-Lab
2026-03-27 19:06:25 [INFO] [BIO]   Settings: C:\Users\CV166\Documents\LabWindowsCVI\BatteryApplication\battery-tester\eclab_settings\ocv_default.mps
2026-03-27 19:06:25 [INFO] [BIO]   Output: c:\Users\CV166\Documents\LabWindowsCVI\BatteryApplication\battery-tester\data\BT32_baseline_20260327_145214\phase_3\eis_measurements\ocv_20260327_190625_C01.mpr
2026-03-27 19:06:25 [INFO] [BIO] Loading settings from: C:\Users\CV166\Documents\LabWindowsCVI\BatteryApplication\battery-tester\eclab_settings\ocv_default.mps
2026-03-27 19:06:25 [INFO] [BIO] Settings loaded successfully
2026-03-27 19:06:25 [INFO] [BIO] Starting measurement, output: c:\Users\CV166\Documents\LabWindowsCVI\BatteryApplication\battery-tester\data\BT32_baseline_20260327_145214\phase_3\eis_measurements\ocv_20260327_190625_C01.mpr
2026-03-27 19:06:25 [INFO] [BIO] Measurement started
2026-03-27 19:06:25 [INFO] [BIO] Monitoring measurement (timeout: 60000 ms)
2026-03-27 19:06:25 [INFO] [BIO] Status: 0, Technique: 11, Time: 71.4 s, Ewe: 2.8332 V, I: 0.0000 A
2026-03-27 19:06:28 [INFO] [BIO] Measurement started running
2026-03-27 19:06:30 [INFO] [BIO] Status: 1, Technique: 11, Time: 2.5 s, Ewe: 2.8334 V, I: 0.0000 A
2026-03-27 19:06:36 [INFO] [BIO] Status: 1, Technique: 11, Time: 7.8 s, Ewe: 2.8337 V, I: 0.0000 A
2026-03-27 19:06:38 [INFO] [BIO] Measurement completed (10.0 s, Ewe: 2.8338 V)
2026-03-27 19:06:39 [INFO] [BIO] Converting .mpr file to BIO_TechniqueData: c:\Users\CV166\Documents\LabWindowsCVI\BatteryApplication\battery-tester\data\BT32_baseline_20260327_145214\phase_3\eis_measurements\ocv_20260327_190625_C01.mpr
2026-03-27 19:06:39 [INFO] [BIO] Reading number of points from: c:\Users\CV166\Documents\LabWindowsCVI\BatteryApplication\battery-tester\data\BT32_baseline_20260327_145214\phase_3\eis_measurements\ocv_20260327_190625_C01.mpr
2026-03-27 19:06:39 [INFO] [BIO] File contains 10 data points
2026-03-27 19:06:39 [INFO] [BIO] Reading 10 data points from .mpr file
2026-03-27 19:06:39 [INFO] [BIO] Reading DC value at index 0 from: c:\Users\CV166\Documents\LabWindowsCVI\BatteryApplication\battery-tester\data\BT32_baseline_20260327_145214\phase_3\eis_measurements\ocv_20260327_190625_C01.mpr
2026-03-27 19:06:39 [INFO] [BIO] DC data: t=1.000 s, V=2.833302 V, I=0.000000 mA
2026-03-27 19:06:39 [INFO] [BIO] Reading DC value at index 1 from: c:\Users\CV166\Documents\LabWindowsCVI\BatteryApplication\battery-tester\data\BT32_baseline_20260327_145214\phase_3\eis_measurements\ocv_20260327_190625_C01.mpr
2026-03-27 19:06:39 [INFO] [BIO] DC data: t=2.000 s, V=2.833324 V, I=0.000000 mA
2026-03-27 19:06:39 [INFO] [BIO] Reading DC value at index 2 from: c:\Users\CV166\Documents\LabWindowsCVI\BatteryApplication\battery-tester\data\BT32_baseline_20260327_145214\phase_3\eis_measurements\ocv_20260327_190625_C01.mpr
2026-03-27 19:06:39 [INFO] [BIO] DC data: t=3.000 s, V=2.833355 V, I=0.000000 mA
2026-03-27 19:06:39 [INFO] [BIO] Reading DC value at index 3 from: c:\Users\CV166\Documents\LabWindowsCVI\BatteryApplication\battery-tester\data\BT32_baseline_20260327_145214\phase_3\eis_measurements\ocv_20260327_190625_C01.mpr
2026-03-27 19:06:39 [INFO] [BIO] DC data: t=4.000 s, V=2.833381 V, I=0.000000 mA
2026-03-27 19:06:39 [INFO] [BIO] Reading DC value at index 4 from: c:\Users\CV166\Documents\LabWindowsCVI\BatteryApplication\battery-tester\data\BT32_baseline_20260327_145214\phase_3\eis_measurements\ocv_20260327_190625_C01.mpr
2026-03-27 19:06:39 [INFO] [BIO] DC data: t=5.000 s, V=2.833414 V, I=0.000000 mA
2026-03-27 19:06:39 [INFO] [BIO] Reading DC value at index 5 from: c:\Users\CV166\Documents\LabWindowsCVI\BatteryApplication\battery-tester\data\BT32_baseline_20260327_145214\phase_3\eis_measurements\ocv_20260327_190625_C01.mpr
2026-03-27 19:06:39 [INFO] [BIO] DC data: t=6.000 s, V=2.833451 V, I=0.000000 mA
2026-03-27 19:06:39 [INFO] [BIO] Reading DC value at index 6 from: c:\Users\CV166\Documents\LabWindowsCVI\BatteryApplication\battery-tester\data\BT32_baseline_20260327_145214\phase_3\eis_measurements\ocv_20260327_190625_C01.mpr
2026-03-27 19:06:39 [INFO] [BIO] DC data: t=7.000 s, V=2.833485 V, I=0.000000 mA
2026-03-27 19:06:39 [INFO] [BIO] Reading DC value at index 7 from: c:\Users\CV166\Documents\LabWindowsCVI\BatteryApplication\battery-tester\data\BT32_baseline_20260327_145214\phase_3\eis_measurements\ocv_20260327_190625_C01.mpr
2026-03-27 19:06:39 [INFO] [BIO] DC data: t=8.000 s, V=2.833523 V, I=0.000000 mA
2026-03-27 19:06:39 [INFO] [BIO] Reading DC value at index 8 from: c:\Users\CV166\Documents\LabWindowsCVI\BatteryApplication\battery-tester\data\BT32_baseline_20260327_145214\phase_3\eis_measurements\ocv_20260327_190625_C01.mpr
2026-03-27 19:06:39 [INFO] [BIO] DC data: t=9.000 s, V=2.833555 V, I=0.000000 mA
2026-03-27 19:06:39 [INFO] [BIO] Reading DC value at index 9 from: c:\Users\CV166\Documents\LabWindowsCVI\BatteryApplication\battery-tester\data\BT32_baseline_20260327_145214\phase_3\eis_measurements\ocv_20260327_190625_C01.mpr
2026-03-27 19:06:39 [INFO] [BIO] DC data: t=10.000 s, V=2.833592 V, I=0.000000 mA
2026-03-27 19:06:39 [INFO] [BIO] Successfully converted 10 data points
2026-03-27 19:06:39 [INFO] [BIO] OCV measurement completed successfully
2026-03-27 19:06:39 [INFO] [BIO] Starting GEIS measurement via EC-Lab
2026-03-27 19:06:39 [INFO] [BIO]   Settings: C:\Users\CV166\Documents\LabWindowsCVI\BatteryApplication\battery-tester\eclab_settings\geis_default.mps
2026-03-27 19:06:39 [INFO] [BIO]   Output: c:\Users\CV166\Documents\LabWindowsCVI\BatteryApplication\battery-tester\data\BT32_baseline_20260327_145214\phase_3\eis_measurements\geis_20260327_190639_C01.mpr
2026-03-27 19:06:39 [INFO] [BIO] Loading settings from: C:\Users\CV166\Documents\LabWindowsCVI\BatteryApplication\battery-tester\eclab_settings\geis_default.mps
2026-03-27 19:06:40 [INFO] [BIO] Settings loaded successfully
2026-03-27 19:06:40 [INFO] [BIO] Starting measurement, output: c:\Users\CV166\Documents\LabWindowsCVI\BatteryApplication\battery-tester\data\BT32_baseline_20260327_145214\phase_3\eis_measurements\geis_20260327_190639_C01.mpr
2026-03-27 19:06:40 [INFO] [BIO] Measurement started
2026-03-27 19:06:40 [INFO] [BIO] Monitoring measurement (timeout: 300000 ms)
2026-03-27 19:06:40 [INFO] [BIO] Status: 0, Technique: 30, Time: 10.0 s, Ewe: 2.8338 V, I: 0.0000 A
2026-03-27 19:06:43 [INFO] [BIO] Measurement started running
2026-03-27 19:06:45 [INFO] [BIO] Status: 1, Technique: 30, Time: 2.4 s, Ewe: 2.8301 V, I: 71.7287 A
2026-03-27 19:06:51 [INFO] [BIO] Status: 1, Technique: 30, Time: 7.9 s, Ewe: 2.8366 V, I: 175.3654 A
2026-03-27 19:06:56 [INFO] [BIO] Status: 1, Technique: 30, Time: 13.2 s, Ewe: 2.8187 V, I: -249.0191 A
2026-03-27 19:07:01 [INFO] [BIO] Status: 1, Technique: 30, Time: 18.7 s, Ewe: 2.8160 V, I: -511.6570 A
2026-03-27 19:07:07 [INFO] [BIO] Status: 1, Technique: 30, Time: 24.0 s, Ewe: 2.8490 V, I: 302.8778 A
2026-03-27 19:07:12 [INFO] [BIO] Status: 1, Technique: 30, Time: 29.4 s, Ewe: 2.8475 V, I: 236.9895 A
2026-03-27 19:07:17 [INFO] [BIO] Status: 1, Technique: 30, Time: 34.7 s, Ewe: 2.8358 V, I: 17.8767 A
2026-03-27 19:07:23 [INFO] [BIO] Status: 1, Technique: 30, Time: 40.1 s, Ewe: 2.8472 V, I: 276.5937 A
2026-03-27 19:07:28 [INFO] [BIO] Status: 1, Technique: 30, Time: 45.5 s, Ewe: 2.8319 V, I: -75.5031 A
2026-03-27 19:07:34 [INFO] [BIO] Status: 1, Technique: 30, Time: 50.9 s, Ewe: 2.8350 V, I: -20.7932 A
2026-03-27 19:07:39 [INFO] [BIO] Status: 1, Technique: 30, Time: 56.2 s, Ewe: 2.8436 V, I: 247.6532 A
2026-03-27 19:07:44 [INFO] [BIO] Status: 1, Technique: 30, Time: 61.6 s, Ewe: 2.8437 V, I: 84.0128 A
2026-03-27 19:07:50 [INFO] [BIO] Status: 1, Technique: 30, Time: 67.1 s, Ewe: 2.8293 V, I: -217.0218 A
2026-03-27 19:07:55 [INFO] [BIO] Measurement completed (71.4 s, Ewe: 2.8361 V)
2026-03-27 19:07:56 [INFO] [BIO] Converting .mpr file to BIO_TechniqueData: c:\Users\CV166\Documents\LabWindowsCVI\BatteryApplication\battery-tester\data\BT32_baseline_20260327_145214\phase_3\eis_measurements\geis_20260327_190639_C01.mpr
2026-03-27 19:07:56 [INFO] [BIO] Reading number of points from: c:\Users\CV166\Documents\LabWindowsCVI\BatteryApplication\battery-tester\data\BT32_baseline_20260327_145214\phase_3\eis_measurements\geis_20260327_190639_C01.mpr
2026-03-27 19:07:56 [INFO] [BIO] File contains 30 data points
2026-03-27 19:07:56 [INFO] [BIO] Reading 30 data points from .mpr file
2026-03-27 19:07:56 [INFO] [BIO] Reading EIS value at index 0 from: c:\Users\CV166\Documents\LabWindowsCVI\BatteryApplication\battery-tester\data\BT32_baseline_20260327_145214\phase_3\eis_measurements\geis_20260327_190639_C01.mpr
2026-03-27 19:07:56 [INFO] [BIO] EIS data: t=1.122 s, f=10002.226 Hz, Re(Z)=0.037816 Ohm, -Im(Z)=-0.030537 Ohm
2026-03-27 19:07:56 [INFO] [BIO] Reading EIS value at index 1 from: c:\Users\CV166\Documents\LabWindowsCVI\BatteryApplication\battery-tester\data\BT32_baseline_20260327_145214\phase_3\eis_measurements\geis_20260327_190639_C01.mpr
2026-03-27 19:07:56 [INFO] [BIO] EIS data: t=2.018 s, f=6811.067 Hz, Re(Z)=0.037067 Ohm, -Im(Z)=-0.020913 Ohm
2026-03-27 19:07:56 [INFO] [BIO] Reading EIS value at index 2 from: c:\Users\CV166\Documents\LabWindowsCVI\BatteryApplication\battery-tester\data\BT32_baseline_20260327_145214\phase_3\eis_measurements\geis_20260327_190639_C01.mpr
2026-03-27 19:07:56 [INFO] [BIO] EIS data: t=3.149 s, f=4641.485 Hz, Re(Z)=0.036669 Ohm, -Im(Z)=-0.014273 Ohm
2026-03-27 19:07:56 [INFO] [BIO] Reading EIS value at index 3 from: c:\Users\CV166\Documents\LabWindowsCVI\BatteryApplication\battery-tester\data\BT32_baseline_20260327_145214\phase_3\eis_measurements\geis_20260327_190639_C01.mpr
2026-03-27 19:07:56 [INFO] [BIO] EIS data: t=4.281 s, f=3161.012 Hz, Re(Z)=0.036581 Ohm, -Im(Z)=-0.009703 Ohm
2026-03-27 19:07:56 [INFO] [BIO] Reading EIS value at index 4 from: c:\Users\CV166\Documents\LabWindowsCVI\BatteryApplication\battery-tester\data\BT32_baseline_20260327_145214\phase_3\eis_measurements\geis_20260327_190639_C01.mpr
2026-03-27 19:07:56 [INFO] [BIO] EIS data: t=5.413 s, f=2155.690 Hz, Re(Z)=0.036431 Ohm, -Im(Z)=-0.006273 Ohm
2026-03-27 19:07:56 [INFO] [BIO] Reading EIS value at index 5 from: c:\Users\CV166\Documents\LabWindowsCVI\BatteryApplication\battery-tester\data\BT32_baseline_20260327_145214\phase_3\eis_measurements\geis_20260327_190639_C01.mpr
2026-03-27 19:07:56 [INFO] [BIO] EIS data: t=6.545 s, f=1468.590 Hz, Re(Z)=0.036504 Ohm, -Im(Z)=-0.004012 Ohm
2026-03-27 19:07:56 [INFO] [BIO] Reading EIS value at index 6 from: c:\Users\CV166\Documents\LabWindowsCVI\BatteryApplication\battery-tester\data\BT32_baseline_20260327_145214\phase_3\eis_measurements\geis_20260327_190639_C01.mpr
2026-03-27 19:07:56 [INFO] [BIO] EIS data: t=7.677 s, f=1000.320 Hz, Re(Z)=0.036669 Ohm, -Im(Z)=-0.002386 Ohm
2026-03-27 19:07:56 [INFO] [BIO] Reading EIS value at index 7 from: c:\Users\CV166\Documents\LabWindowsCVI\BatteryApplication\battery-tester\data\BT32_baseline_20260327_145214\phase_3\eis_measurements\geis_20260327_190639_C01.mpr
2026-03-27 19:07:56 [INFO] [BIO] EIS data: t=8.808 s, f=681.090 Hz, Re(Z)=0.036865 Ohm, -Im(Z)=-0.001255 Ohm
2026-03-27 19:07:56 [INFO] [BIO] Reading EIS value at index 8 from: c:\Users\CV166\Documents\LabWindowsCVI\BatteryApplication\battery-tester\data\BT32_baseline_20260327_145214\phase_3\eis_measurements\geis_20260327_190639_C01.mpr
2026-03-27 19:07:56 [INFO] [BIO] EIS data: t=9.940 s, f=463.961 Hz, Re(Z)=0.037101 Ohm, -Im(Z)=-0.000484 Ohm
2026-03-27 19:07:56 [INFO] [BIO] Reading EIS value at index 9 from: c:\Users\CV166\Documents\LabWindowsCVI\BatteryApplication\battery-tester\data\BT32_baseline_20260327_145214\phase_3\eis_measurements\geis_20260327_190639_C01.mpr
2026-03-27 19:07:56 [INFO] [BIO] EIS data: t=11.066 s, f=316.316 Hz, Re(Z)=0.037377 Ohm, -Im(Z)=0.000069 Ohm
2026-03-27 19:07:56 [INFO] [BIO] Reading EIS value at index 10 from: c:\Users\CV166\Documents\LabWindowsCVI\BatteryApplication\battery-tester\data\BT32_baseline_20260327_145214\phase_3\eis_measurements\geis_20260327_190639_C01.mpr
2026-03-27 19:07:56 [INFO] [BIO] EIS data: t=12.196 s, f=215.345 Hz, Re(Z)=0.037677 Ohm, -Im(Z)=0.000466 Ohm
2026-03-27 19:07:56 [INFO] [BIO] Reading EIS value at index 11 from: c:\Users\CV166\Documents\LabWindowsCVI\BatteryApplication\battery-tester\data\BT32_baseline_20260327_145214\phase_3\eis_measurements\geis_20260327_190639_C01.mpr
2026-03-27 19:07:56 [INFO] [BIO] EIS data: t=13.315 s, f=146.737 Hz, Re(Z)=0.038000 Ohm, -Im(Z)=0.000732 Ohm
2026-03-27 19:07:56 [INFO] [BIO] Reading EIS value at index 12 from: c:\Users\CV166\Documents\LabWindowsCVI\BatteryApplication\battery-tester\data\BT32_baseline_20260327_145214\phase_3\eis_measurements\geis_20260327_190639_C01.mpr
2026-03-27 19:07:56 [INFO] [BIO] EIS data: t=14.446 s, f=100.032 Hz, Re(Z)=0.038291 Ohm, -Im(Z)=0.000895 Ohm
2026-03-27 19:07:56 [INFO] [BIO] Reading EIS value at index 13 from: c:\Users\CV166\Documents\LabWindowsCVI\BatteryApplication\battery-tester\data\BT32_baseline_20260327_145214\phase_3\eis_measurements\geis_20260327_190639_C01.mpr
2026-03-27 19:07:56 [INFO] [BIO] EIS data: t=15.605 s, f=68.104 Hz, Re(Z)=0.038578 Ohm, -Im(Z)=0.001082 Ohm
2026-03-27 19:07:56 [INFO] [BIO] Reading EIS value at index 14 from: c:\Users\CV166\Documents\LabWindowsCVI\BatteryApplication\battery-tester\data\BT32_baseline_20260327_145214\phase_3\eis_measurements\geis_20260327_190639_C01.mpr
2026-03-27 19:07:56 [INFO] [BIO] EIS data: t=16.705 s, f=46.442 Hz, Re(Z)=0.038885 Ohm, -Im(Z)=0.001155 Ohm
2026-03-27 19:07:56 [INFO] [BIO] Reading EIS value at index 15 from: c:\Users\CV166\Documents\LabWindowsCVI\BatteryApplication\battery-tester\data\BT32_baseline_20260327_145214\phase_3\eis_measurements\geis_20260327_190639_C01.mpr
2026-03-27 19:07:56 [INFO] [BIO] EIS data: t=17.786 s, f=31.630 Hz, Re(Z)=0.039188 Ohm, -Im(Z)=0.001268 Ohm
2026-03-27 19:07:56 [INFO] [BIO] Reading EIS value at index 16 from: c:\Users\CV166\Documents\LabWindowsCVI\BatteryApplication\battery-tester\data\BT32_baseline_20260327_145214\phase_3\eis_measurements\geis_20260327_190639_C01.mpr
2026-03-27 19:07:56 [INFO] [BIO] EIS data: t=18.846 s, f=21.552 Hz, Re(Z)=0.039507 Ohm, -Im(Z)=0.001204 Ohm
2026-03-27 19:07:56 [INFO] [BIO] Reading EIS value at index 17 from: c:\Users\CV166\Documents\LabWindowsCVI\BatteryApplication\battery-tester\data\BT32_baseline_20260327_145214\phase_3\eis_measurements\geis_20260327_190639_C01.mpr
2026-03-27 19:07:56 [INFO] [BIO] EIS data: t=19.998 s, f=14.685 Hz, Re(Z)=0.039813 Ohm, -Im(Z)=0.001529 Ohm
2026-03-27 19:07:56 [INFO] [BIO] Reading EIS value at index 18 from: c:\Users\CV166\Documents\LabWindowsCVI\BatteryApplication\battery-tester\data\BT32_baseline_20260327_145214\phase_3\eis_measurements\geis_20260327_190639_C01.mpr
2026-03-27 19:07:56 [INFO] [BIO] EIS data: t=71.402 s, f=9.973 Hz, Re(Z)=0.040217 Ohm, -Im(Z)=0.001663 Ohm
2026-03-27 19:07:56 [INFO] [BIO] Reading EIS value at index 19 from: c:\Users\CV166\Documents\LabWindowsCVI\BatteryApplication\battery-tester\data\BT32_baseline_20260327_145214\phase_3\eis_measurements\geis_20260327_190639_C01.mpr
2026-03-27 19:07:56 [INFO] [BIO] EIS data: t=71.402 s, f=6.782 Hz, Re(Z)=0.040629 Ohm, -Im(Z)=0.001850 Ohm
2026-03-27 19:07:56 [INFO] [BIO] Reading EIS value at index 20 from: c:\Users\CV166\Documents\LabWindowsCVI\BatteryApplication\battery-tester\data\BT32_baseline_20260327_145214\phase_3\eis_measurements\geis_20260327_190639_C01.mpr
2026-03-27 19:07:56 [INFO] [BIO] EIS data: t=71.402 s, f=4.687 Hz, Re(Z)=0.041055 Ohm, -Im(Z)=0.002012 Ohm
2026-03-27 19:07:56 [INFO] [BIO] Reading EIS value at index 21 from: c:\Users\CV166\Documents\LabWindowsCVI\BatteryApplication\battery-tester\data\BT32_baseline_20260327_145214\phase_3\eis_measurements\geis_20260327_190639_C01.mpr
2026-03-27 19:07:56 [INFO] [BIO] EIS data: t=71.402 s, f=3.191 Hz, Re(Z)=0.041567 Ohm, -Im(Z)=0.002189 Ohm
2026-03-27 19:07:56 [INFO] [BIO] Reading EIS value at index 22 from: c:\Users\CV166\Documents\LabWindowsCVI\BatteryApplication\battery-tester\data\BT32_baseline_20260327_145214\phase_3\eis_measurements\geis_20260327_190639_C01.mpr
2026-03-27 19:07:56 [INFO] [BIO] EIS data: t=71.403 s, f=2.194 Hz, Re(Z)=0.042082 Ohm, -Im(Z)=0.002367 Ohm
2026-03-27 19:07:56 [INFO] [BIO] Reading EIS value at index 23 from: c:\Users\CV166\Documents\LabWindowsCVI\BatteryApplication\battery-tester\data\BT32_baseline_20260327_145214\phase_3\eis_measurements\geis_20260327_190639_C01.mpr
2026-03-27 19:07:56 [INFO] [BIO] EIS data: t=71.403 s, f=1.496 Hz, Re(Z)=0.042619 Ohm, -Im(Z)=0.002630 Ohm
2026-03-27 19:07:56 [INFO] [BIO] Reading EIS value at index 24 from: c:\Users\CV166\Documents\LabWindowsCVI\BatteryApplication\battery-tester\data\BT32_baseline_20260327_145214\phase_3\eis_measurements\geis_20260327_190639_C01.mpr
2026-03-27 19:07:56 [INFO] [BIO] EIS data: t=71.403 s, f=0.997 Hz, Re(Z)=0.043369 Ohm, -Im(Z)=0.002700 Ohm
2026-03-27 19:07:56 [INFO] [BIO] Reading EIS value at index 25 from: c:\Users\CV166\Documents\LabWindowsCVI\BatteryApplication\battery-tester\data\BT32_baseline_20260327_145214\phase_3\eis_measurements\geis_20260327_190639_C01.mpr
2026-03-27 19:07:56 [INFO] [BIO] EIS data: t=71.403 s, f=0.698 Hz, Re(Z)=0.043664 Ohm, -Im(Z)=0.003091 Ohm
2026-03-27 19:07:56 [INFO] [BIO] Reading EIS value at index 26 from: c:\Users\CV166\Documents\LabWindowsCVI\BatteryApplication\battery-tester\data\BT32_baseline_20260327_145214\phase_3\eis_measurements\geis_20260327_190639_C01.mpr
2026-03-27 19:07:56 [INFO] [BIO] EIS data: t=71.403 s, f=0.499 Hz, Re(Z)=0.044160 Ohm, -Im(Z)=0.003250 Ohm
2026-03-27 19:07:56 [INFO] [BIO] Reading EIS value at index 27 from: c:\Users\CV166\Documents\LabWindowsCVI\BatteryApplication\battery-tester\data\BT32_baseline_20260327_145214\phase_3\eis_measurements\geis_20260327_190639_C01.mpr
2026-03-27 19:07:56 [INFO] [BIO] EIS data: t=71.404 s, f=0.299 Hz, Re(Z)=0.045044 Ohm, -Im(Z)=0.004422 Ohm
2026-03-27 19:07:56 [INFO] [BIO] Reading EIS value at index 28 from: c:\Users\CV166\Documents\LabWindowsCVI\BatteryApplication\battery-tester\data\BT32_baseline_20260327_145214\phase_3\eis_measurements\geis_20260327_190639_C01.mpr
2026-03-27 19:07:56 [INFO] [BIO] EIS data: t=71.404 s, f=0.199 Hz, Re(Z)=0.046209 Ohm, -Im(Z)=0.005530 Ohm
2026-03-27 19:07:56 [INFO] [BIO] Reading EIS value at index 29 from: c:\Users\CV166\Documents\LabWindowsCVI\BatteryApplication\battery-tester\data\BT32_baseline_20260327_145214\phase_3\eis_measurements\geis_20260327_190639_C01.mpr
2026-03-27 19:07:56 [INFO] [BIO] EIS data: t=71.404 s, f=0.100 Hz, Re(Z)=0.046524 Ohm, -Im(Z)=0.005621 Ohm
2026-03-27 19:07:56 [INFO] [BIO] Successfully converted 30 data points
2026-03-27 19:07:56 [INFO] [BIO] GEIS measurement completed successfully
2026-03-27 19:07:56 [INFO] Relaxation EIS #5 completed at 0.0% SOC (OCV: 2.83359194 V, relaxation: 481 s)
2026-03-27 19:08:25 [INFO] Relaxation EIS #6 at 0.0% SOC (relaxation time: 600 s)
2026-03-27 19:08:25 [INFO] [BIO] Starting OCV measurement via EC-Lab
2026-03-27 19:08:25 [INFO] [BIO]   Settings: C:\Users\CV166\Documents\LabWindowsCVI\BatteryApplication\battery-tester\eclab_settings\ocv_default.mps
2026-03-27 19:08:25 [INFO] [BIO]   Output: c:\Users\CV166\Documents\LabWindowsCVI\BatteryApplication\battery-tester\data\BT32_baseline_20260327_145214\phase_3\eis_measurements\ocv_20260327_190825_C01.mpr
2026-03-27 19:08:25 [INFO] [BIO] Loading settings from: C:\Users\CV166\Documents\LabWindowsCVI\BatteryApplication\battery-tester\eclab_settings\ocv_default.mps
2026-03-27 19:08:25 [INFO] [BIO] Settings loaded successfully
2026-03-27 19:08:25 [INFO] [BIO] Starting measurement, output: c:\Users\CV166\Documents\LabWindowsCVI\BatteryApplication\battery-tester\data\BT32_baseline_20260327_145214\phase_3\eis_measurements\ocv_20260327_190825_C01.mpr
2026-03-27 19:08:25 [INFO] [BIO] Measurement started
2026-03-27 19:08:25 [INFO] [BIO] Monitoring measurement (timeout: 60000 ms)
2026-03-27 19:08:26 [INFO] [BIO] Status: 0, Technique: 11, Time: 71.4 s, Ewe: 2.8371 V, I: 0.0000 A
2026-03-27 19:08:29 [INFO] [BIO] Measurement started running
2026-03-27 19:08:31 [INFO] [BIO] Status: 1, Technique: 11, Time: 2.5 s, Ewe: 2.8374 V, I: 0.0000 A
2026-03-27 19:08:36 [INFO] [BIO] Status: 1, Technique: 11, Time: 7.8 s, Ewe: 2.8378 V, I: 0.0000 A
2026-03-27 19:08:39 [INFO] [BIO] Measurement completed (10.0 s, Ewe: 2.8376 V)
2026-03-27 19:08:40 [INFO] [BIO] Converting .mpr file to BIO_TechniqueData: c:\Users\CV166\Documents\LabWindowsCVI\BatteryApplication\battery-tester\data\BT32_baseline_20260327_145214\phase_3\eis_measurements\ocv_20260327_190825_C01.mpr
2026-03-27 19:08:40 [INFO] [BIO] Reading number of points from: c:\Users\CV166\Documents\LabWindowsCVI\BatteryApplication\battery-tester\data\BT32_baseline_20260327_145214\phase_3\eis_measurements\ocv_20260327_190825_C01.mpr
2026-03-27 19:08:40 [INFO] [BIO] File contains 10 data points
2026-03-27 19:08:40 [INFO] [BIO] Reading 10 data points from .mpr file
2026-03-27 19:08:40 [INFO] [BIO] Reading DC value at index 0 from: c:\Users\CV166\Documents\LabWindowsCVI\BatteryApplication\battery-tester\data\BT32_baseline_20260327_145214\phase_3\eis_measurements\ocv_20260327_190825_C01.mpr
2026-03-27 19:08:40 [INFO] [BIO] DC data: t=1.000 s, V=2.837335 V, I=0.000000 mA
2026-03-27 19:08:40 [INFO] [BIO] Reading DC value at index 1 from: c:\Users\CV166\Documents\LabWindowsCVI\BatteryApplication\battery-tester\data\BT32_baseline_20260327_145214\phase_3\eis_measurements\ocv_20260327_190825_C01.mpr
2026-03-27 19:08:40 [INFO] [BIO] DC data: t=2.000 s, V=2.837368 V, I=0.000000 mA
2026-03-27 19:08:40 [INFO] [BIO] Reading DC value at index 2 from: c:\Users\CV166\Documents\LabWindowsCVI\BatteryApplication\battery-tester\data\BT32_baseline_20260327_145214\phase_3\eis_measurements\ocv_20260327_190825_C01.mpr
2026-03-27 19:08:40 [INFO] [BIO] DC data: t=3.000 s, V=2.837396 V, I=0.000000 mA
2026-03-27 19:08:40 [INFO] [BIO] Reading DC value at index 3 from: c:\Users\CV166\Documents\LabWindowsCVI\BatteryApplication\battery-tester\data\BT32_baseline_20260327_145214\phase_3\eis_measurements\ocv_20260327_190825_C01.mpr
2026-03-27 19:08:40 [INFO] [BIO] DC data: t=4.000 s, V=2.837432 V, I=0.000000 mA
2026-03-27 19:08:40 [INFO] [BIO] Reading DC value at index 4 from: c:\Users\CV166\Documents\LabWindowsCVI\BatteryApplication\battery-tester\data\BT32_baseline_20260327_145214\phase_3\eis_measurements\ocv_20260327_190825_C01.mpr
2026-03-27 19:08:40 [INFO] [BIO] DC data: t=5.000 s, V=2.837462 V, I=0.000000 mA
2026-03-27 19:08:40 [INFO] [BIO] Reading DC value at index 5 from: c:\Users\CV166\Documents\LabWindowsCVI\BatteryApplication\battery-tester\data\BT32_baseline_20260327_145214\phase_3\eis_measurements\ocv_20260327_190825_C01.mpr
2026-03-27 19:08:40 [INFO] [BIO] DC data: t=6.000 s, V=2.837496 V, I=0.000000 mA
2026-03-27 19:08:40 [INFO] [BIO] Reading DC value at index 6 from: c:\Users\CV166\Documents\LabWindowsCVI\BatteryApplication\battery-tester\data\BT32_baseline_20260327_145214\phase_3\eis_measurements\ocv_20260327_190825_C01.mpr
2026-03-27 19:08:40 [INFO] [BIO] DC data: t=7.000 s, V=2.837526 V, I=0.000000 mA
2026-03-27 19:08:40 [INFO] [BIO] Reading DC value at index 7 from: c:\Users\CV166\Documents\LabWindowsCVI\BatteryApplication\battery-tester\data\BT32_baseline_20260327_145214\phase_3\eis_measurements\ocv_20260327_190825_C01.mpr
2026-03-27 19:08:40 [INFO] [BIO] DC data: t=8.000 s, V=2.837563 V, I=0.000000 mA
2026-03-27 19:08:40 [INFO] [BIO] Reading DC value at index 8 from: c:\Users\CV166\Documents\LabWindowsCVI\BatteryApplication\battery-tester\data\BT32_baseline_20260327_145214\phase_3\eis_measurements\ocv_20260327_190825_C01.mpr
2026-03-27 19:08:40 [INFO] [BIO] DC data: t=9.000 s, V=2.837592 V, I=0.000000 mA
2026-03-27 19:08:40 [INFO] [BIO] Reading DC value at index 9 from: c:\Users\CV166\Documents\LabWindowsCVI\BatteryApplication\battery-tester\data\BT32_baseline_20260327_145214\phase_3\eis_measurements\ocv_20260327_190825_C01.mpr
2026-03-27 19:08:40 [INFO] [BIO] DC data: t=10.000 s, V=2.837626 V, I=0.000000 mA
2026-03-27 19:08:40 [INFO] [BIO] Successfully converted 10 data points
2026-03-27 19:08:40 [INFO] [BIO] OCV measurement completed successfully
2026-03-27 19:08:40 [INFO] [BIO] Starting GEIS measurement via EC-Lab
2026-03-27 19:08:40 [INFO] [BIO]   Settings: C:\Users\CV166\Documents\LabWindowsCVI\BatteryApplication\battery-tester\eclab_settings\geis_default.mps
2026-03-27 19:08:40 [INFO] [BIO]   Output: c:\Users\CV166\Documents\LabWindowsCVI\BatteryApplication\battery-tester\data\BT32_baseline_20260327_145214\phase_3\eis_measurements\geis_20260327_190840_C01.mpr
2026-03-27 19:08:40 [INFO] [BIO] Loading settings from: C:\Users\CV166\Documents\LabWindowsCVI\BatteryApplication\battery-tester\eclab_settings\geis_default.mps
2026-03-27 19:08:40 [INFO] [BIO] Settings loaded successfully
2026-03-27 19:08:40 [INFO] [BIO] Starting measurement, output: c:\Users\CV166\Documents\LabWindowsCVI\BatteryApplication\battery-tester\data\BT32_baseline_20260327_145214\phase_3\eis_measurements\geis_20260327_190840_C01.mpr
2026-03-27 19:08:40 [INFO] [BIO] Measurement started
2026-03-27 19:08:40 [INFO] [BIO] Monitoring measurement (timeout: 300000 ms)
2026-03-27 19:08:40 [INFO] [BIO] Status: 0, Technique: 30, Time: 10.0 s, Ewe: 2.8376 V, I: 0.0000 A
2026-03-27 19:08:44 [INFO] [BIO] Measurement started running
2026-03-27 19:08:46 [INFO] [BIO] Status: 1, Technique: 30, Time: 2.5 s, Ewe: 2.8315 V, I: -416.7901 A
2026-03-27 19:08:51 [INFO] [BIO] Status: 1, Technique: 30, Time: 7.8 s, Ewe: 2.8187 V, I: -401.1569 A
2026-03-27 19:08:57 [INFO] [BIO] Status: 1, Technique: 30, Time: 13.3 s, Ewe: 2.8266 V, I: 12.1700 A
2026-03-27 19:09:02 [INFO] [BIO] Status: 1, Technique: 30, Time: 18.7 s, Ewe: 2.8357 V, I: -76.9775 A
2026-03-27 19:09:07 [INFO] [BIO] Status: 1, Technique: 30, Time: 24.0 s, Ewe: 2.8521 V, I: 287.9246 A
2026-03-27 19:09:13 [INFO] [BIO] Status: 1, Technique: 30, Time: 29.4 s, Ewe: 2.8490 V, I: 194.2397 A
2026-03-27 19:09:18 [INFO] [BIO] Status: 1, Technique: 30, Time: 34.7 s, Ewe: 2.8410 V, I: 23.3102 A
2026-03-27 19:09:23 [INFO] [BIO] Status: 1, Technique: 30, Time: 40.2 s, Ewe: 2.8302 V, I: -163.2080 A
2026-03-27 19:09:29 [INFO] [BIO] Status: 1, Technique: 30, Time: 45.5 s, Ewe: 2.8442 V, I: 84.0192 A
2026-03-27 19:09:34 [INFO] [BIO] Status: 1, Technique: 30, Time: 50.9 s, Ewe: 2.8425 V, I: 159.2683 A
2026-03-27 19:09:40 [INFO] [BIO] Status: 1, Technique: 30, Time: 56.5 s, Ewe: 2.8302 V, I: -268.7449 A
2026-03-27 19:09:45 [INFO] [BIO] Status: 1, Technique: 30, Time: 61.8 s, Ewe: 2.8492 V, I: 167.2120 A
2026-03-27 19:09:50 [INFO] [BIO] Status: 1, Technique: 30, Time: 67.2 s, Ewe: 2.8466 V, I: 108.1363 A
2026-03-27 19:09:55 [INFO] [BIO] Measurement completed (71.4 s, Ewe: 2.8424 V)
2026-03-27 19:09:56 [INFO] [BIO] Converting .mpr file to BIO_TechniqueData: c:\Users\CV166\Documents\LabWindowsCVI\BatteryApplication\battery-tester\data\BT32_baseline_20260327_145214\phase_3\eis_measurements\geis_20260327_190840_C01.mpr
2026-03-27 19:09:56 [INFO] [BIO] Reading number of points from: c:\Users\CV166\Documents\LabWindowsCVI\BatteryApplication\battery-tester\data\BT32_baseline_20260327_145214\phase_3\eis_measurements\geis_20260327_190840_C01.mpr
2026-03-27 19:09:56 [INFO] [BIO] File contains 30 data points
2026-03-27 19:09:56 [INFO] [BIO] Reading 30 data points from .mpr file
2026-03-27 19:09:56 [INFO] [BIO] Reading EIS value at index 0 from: c:\Users\CV166\Documents\LabWindowsCVI\BatteryApplication\battery-tester\data\BT32_baseline_20260327_145214\phase_3\eis_measurements\geis_20260327_190840_C01.mpr
2026-03-27 19:09:56 [INFO] [BIO] EIS data: t=1.122 s, f=10002.226 Hz, Re(Z)=0.037775 Ohm, -Im(Z)=-0.030498 Ohm
2026-03-27 19:09:56 [INFO] [BIO] Reading EIS value at index 1 from: c:\Users\CV166\Documents\LabWindowsCVI\BatteryApplication\battery-tester\data\BT32_baseline_20260327_145214\phase_3\eis_measurements\geis_20260327_190840_C01.mpr
2026-03-27 19:09:56 [INFO] [BIO] EIS data: t=2.018 s, f=6811.067 Hz, Re(Z)=0.037051 Ohm, -Im(Z)=-0.020931 Ohm
2026-03-27 19:09:56 [INFO] [BIO] Reading EIS value at index 2 from: c:\Users\CV166\Documents\LabWindowsCVI\BatteryApplication\battery-tester\data\BT32_baseline_20260327_145214\phase_3\eis_measurements\geis_20260327_190840_C01.mpr
2026-03-27 19:09:56 [INFO] [BIO] EIS data: t=3.149 s, f=4641.485 Hz, Re(Z)=0.036665 Ohm, -Im(Z)=-0.014324 Ohm
2026-03-27 19:09:56 [INFO] [BIO] Reading EIS value at index 3 from: c:\Users\CV166\Documents\LabWindowsCVI\BatteryApplication\battery-tester\data\BT32_baseline_20260327_145214\phase_3\eis_measurements\geis_20260327_190840_C01.mpr
2026-03-27 19:09:56 [INFO] [BIO] EIS data: t=4.281 s, f=3161.012 Hz, Re(Z)=0.036471 Ohm, -Im(Z)=-0.009565 Ohm
2026-03-27 19:09:56 [INFO] [BIO] Reading EIS value at index 4 from: c:\Users\CV166\Documents\LabWindowsCVI\BatteryApplication\battery-tester\data\BT32_baseline_20260327_145214\phase_3\eis_measurements\geis_20260327_190840_C01.mpr
2026-03-27 19:09:56 [INFO] [BIO] EIS data: t=5.413 s, f=2155.690 Hz, Re(Z)=0.036426 Ohm, -Im(Z)=-0.006284 Ohm
2026-03-27 19:09:56 [INFO] [BIO] Reading EIS value at index 5 from: c:\Users\CV166\Documents\LabWindowsCVI\BatteryApplication\battery-tester\data\BT32_baseline_20260327_145214\phase_3\eis_measurements\geis_20260327_190840_C01.mpr
2026-03-27 19:09:56 [INFO] [BIO] EIS data: t=6.545 s, f=1468.590 Hz, Re(Z)=0.036519 Ohm, -Im(Z)=-0.003970 Ohm
2026-03-27 19:09:56 [INFO] [BIO] Reading EIS value at index 6 from: c:\Users\CV166\Documents\LabWindowsCVI\BatteryApplication\battery-tester\data\BT32_baseline_20260327_145214\phase_3\eis_measurements\geis_20260327_190840_C01.mpr
2026-03-27 19:09:56 [INFO] [BIO] EIS data: t=7.677 s, f=1000.320 Hz, Re(Z)=0.036667 Ohm, -Im(Z)=-0.002354 Ohm
2026-03-27 19:09:56 [INFO] [BIO] Reading EIS value at index 7 from: c:\Users\CV166\Documents\LabWindowsCVI\BatteryApplication\battery-tester\data\BT32_baseline_20260327_145214\phase_3\eis_measurements\geis_20260327_190840_C01.mpr
2026-03-27 19:09:56 [INFO] [BIO] EIS data: t=8.808 s, f=681.090 Hz, Re(Z)=0.036879 Ohm, -Im(Z)=-0.001247 Ohm
2026-03-27 19:09:56 [INFO] [BIO] Reading EIS value at index 8 from: c:\Users\CV166\Documents\LabWindowsCVI\BatteryApplication\battery-tester\data\BT32_baseline_20260327_145214\phase_3\eis_measurements\geis_20260327_190840_C01.mpr
2026-03-27 19:09:56 [INFO] [BIO] EIS data: t=9.940 s, f=463.961 Hz, Re(Z)=0.037113 Ohm, -Im(Z)=-0.000486 Ohm
2026-03-27 19:09:56 [INFO] [BIO] Reading EIS value at index 9 from: c:\Users\CV166\Documents\LabWindowsCVI\BatteryApplication\battery-tester\data\BT32_baseline_20260327_145214\phase_3\eis_measurements\geis_20260327_190840_C01.mpr
2026-03-27 19:09:56 [INFO] [BIO] EIS data: t=11.066 s, f=316.316 Hz, Re(Z)=0.037371 Ohm, -Im(Z)=0.000088 Ohm
2026-03-27 19:09:56 [INFO] [BIO] Reading EIS value at index 10 from: c:\Users\CV166\Documents\LabWindowsCVI\BatteryApplication\battery-tester\data\BT32_baseline_20260327_145214\phase_3\eis_measurements\geis_20260327_190840_C01.mpr
2026-03-27 19:09:56 [INFO] [BIO] EIS data: t=12.196 s, f=215.345 Hz, Re(Z)=0.037674 Ohm, -Im(Z)=0.000475 Ohm
2026-03-27 19:09:56 [INFO] [BIO] Reading EIS value at index 11 from: c:\Users\CV166\Documents\LabWindowsCVI\BatteryApplication\battery-tester\data\BT32_baseline_20260327_145214\phase_3\eis_measurements\geis_20260327_190840_C01.mpr
2026-03-27 19:09:56 [INFO] [BIO] EIS data: t=13.316 s, f=146.737 Hz, Re(Z)=0.037981 Ohm, -Im(Z)=0.000757 Ohm
2026-03-27 19:09:56 [INFO] [BIO] Reading EIS value at index 12 from: c:\Users\CV166\Documents\LabWindowsCVI\BatteryApplication\battery-tester\data\BT32_baseline_20260327_145214\phase_3\eis_measurements\geis_20260327_190840_C01.mpr
2026-03-27 19:09:56 [INFO] [BIO] EIS data: t=14.447 s, f=100.032 Hz, Re(Z)=0.038287 Ohm, -Im(Z)=0.000927 Ohm
2026-03-27 19:09:56 [INFO] [BIO] Reading EIS value at index 13 from: c:\Users\CV166\Documents\LabWindowsCVI\BatteryApplication\battery-tester\data\BT32_baseline_20260327_145214\phase_3\eis_measurements\geis_20260327_190840_C01.mpr
2026-03-27 19:09:56 [INFO] [BIO] EIS data: t=15.606 s, f=68.104 Hz, Re(Z)=0.038585 Ohm, -Im(Z)=0.001046 Ohm
2026-03-27 19:09:56 [INFO] [BIO] Reading EIS value at index 14 from: c:\Users\CV166\Documents\LabWindowsCVI\BatteryApplication\battery-tester\data\BT32_baseline_20260327_145214\phase_3\eis_measurements\geis_20260327_190840_C01.mpr
2026-03-27 19:09:56 [INFO] [BIO] EIS data: t=16.706 s, f=46.442 Hz, Re(Z)=0.038892 Ohm, -Im(Z)=0.001158 Ohm
2026-03-27 19:09:56 [INFO] [BIO] Reading EIS value at index 15 from: c:\Users\CV166\Documents\LabWindowsCVI\BatteryApplication\battery-tester\data\BT32_baseline_20260327_145214\phase_3\eis_measurements\geis_20260327_190840_C01.mpr
2026-03-27 19:09:56 [INFO] [BIO] EIS data: t=17.787 s, f=31.630 Hz, Re(Z)=0.039223 Ohm, -Im(Z)=0.001288 Ohm
2026-03-27 19:09:56 [INFO] [BIO] Reading EIS value at index 16 from: c:\Users\CV166\Documents\LabWindowsCVI\BatteryApplication\battery-tester\data\BT32_baseline_20260327_145214\phase_3\eis_measurements\geis_20260327_190840_C01.mpr
2026-03-27 19:09:56 [INFO] [BIO] EIS data: t=18.847 s, f=21.552 Hz, Re(Z)=0.039506 Ohm, -Im(Z)=0.001405 Ohm
2026-03-27 19:09:56 [INFO] [BIO] Reading EIS value at index 17 from: c:\Users\CV166\Documents\LabWindowsCVI\BatteryApplication\battery-tester\data\BT32_baseline_20260327_145214\phase_3\eis_measurements\geis_20260327_190840_C01.mpr
2026-03-27 19:09:56 [INFO] [BIO] EIS data: t=19.999 s, f=14.685 Hz, Re(Z)=0.039819 Ohm, -Im(Z)=0.001531 Ohm
2026-03-27 19:09:56 [INFO] [BIO] Reading EIS value at index 18 from: c:\Users\CV166\Documents\LabWindowsCVI\BatteryApplication\battery-tester\data\BT32_baseline_20260327_145214\phase_3\eis_measurements\geis_20260327_190840_C01.mpr
2026-03-27 19:09:56 [INFO] [BIO] EIS data: t=71.403 s, f=9.973 Hz, Re(Z)=0.040211 Ohm, -Im(Z)=0.001669 Ohm
2026-03-27 19:09:56 [INFO] [BIO] Reading EIS value at index 19 from: c:\Users\CV166\Documents\LabWindowsCVI\BatteryApplication\battery-tester\data\BT32_baseline_20260327_145214\phase_3\eis_measurements\geis_20260327_190840_C01.mpr
2026-03-27 19:09:56 [INFO] [BIO] EIS data: t=71.403 s, f=6.782 Hz, Re(Z)=0.040627 Ohm, -Im(Z)=0.001843 Ohm
2026-03-27 19:09:56 [INFO] [BIO] Reading EIS value at index 20 from: c:\Users\CV166\Documents\LabWindowsCVI\BatteryApplication\battery-tester\data\BT32_baseline_20260327_145214\phase_3\eis_measurements\geis_20260327_190840_C01.mpr
2026-03-27 19:09:56 [INFO] [BIO] EIS data: t=71.403 s, f=4.687 Hz, Re(Z)=0.041074 Ohm, -Im(Z)=0.002008 Ohm
2026-03-27 19:09:56 [INFO] [BIO] Reading EIS value at index 21 from: c:\Users\CV166\Documents\LabWindowsCVI\BatteryApplication\battery-tester\data\BT32_baseline_20260327_145214\phase_3\eis_measurements\geis_20260327_190840_C01.mpr
2026-03-27 19:09:56 [INFO] [BIO] EIS data: t=71.403 s, f=3.191 Hz, Re(Z)=0.041576 Ohm, -Im(Z)=0.002186 Ohm
2026-03-27 19:09:56 [INFO] [BIO] Reading EIS value at index 22 from: c:\Users\CV166\Documents\LabWindowsCVI\BatteryApplication\battery-tester\data\BT32_baseline_20260327_145214\phase_3\eis_measurements\geis_20260327_190840_C01.mpr
2026-03-27 19:09:56 [INFO] [BIO] EIS data: t=71.404 s, f=2.194 Hz, Re(Z)=0.042080 Ohm, -Im(Z)=0.002366 Ohm
2026-03-27 19:09:56 [INFO] [BIO] Reading EIS value at index 23 from: c:\Users\CV166\Documents\LabWindowsCVI\BatteryApplication\battery-tester\data\BT32_baseline_20260327_145214\phase_3\eis_measurements\geis_20260327_190840_C01.mpr
2026-03-27 19:09:56 [INFO] [BIO] EIS data: t=71.404 s, f=1.496 Hz, Re(Z)=0.042619 Ohm, -Im(Z)=0.002620 Ohm
2026-03-27 19:09:56 [INFO] [BIO] Reading EIS value at index 24 from: c:\Users\CV166\Documents\LabWindowsCVI\BatteryApplication\battery-tester\data\BT32_baseline_20260327_145214\phase_3\eis_measurements\geis_20260327_190840_C01.mpr
2026-03-27 19:09:56 [INFO] [BIO] EIS data: t=71.404 s, f=0.997 Hz, Re(Z)=0.043362 Ohm, -Im(Z)=0.002690 Ohm
2026-03-27 19:09:56 [INFO] [BIO] Reading EIS value at index 25 from: c:\Users\CV166\Documents\LabWindowsCVI\BatteryApplication\battery-tester\data\BT32_baseline_20260327_145214\phase_3\eis_measurements\geis_20260327_190840_C01.mpr
2026-03-27 19:09:56 [INFO] [BIO] EIS data: t=71.404 s, f=0.698 Hz, Re(Z)=0.043671 Ohm, -Im(Z)=0.003063 Ohm
2026-03-27 19:09:56 [INFO] [BIO] Reading EIS value at index 26 from: c:\Users\CV166\Documents\LabWindowsCVI\BatteryApplication\battery-tester\data\BT32_baseline_20260327_145214\phase_3\eis_measurements\geis_20260327_190840_C01.mpr
2026-03-27 19:09:56 [INFO] [BIO] EIS data: t=71.404 s, f=0.499 Hz, Re(Z)=0.044168 Ohm, -Im(Z)=0.003237 Ohm
2026-03-27 19:09:56 [INFO] [BIO] Reading EIS value at index 27 from: c:\Users\CV166\Documents\LabWindowsCVI\BatteryApplication\battery-tester\data\BT32_baseline_20260327_145214\phase_3\eis_measurements\geis_20260327_190840_C01.mpr
2026-03-27 19:09:56 [INFO] [BIO] EIS data: t=71.404 s, f=0.299 Hz, Re(Z)=0.045069 Ohm, -Im(Z)=0.004353 Ohm
2026-03-27 19:09:56 [INFO] [BIO] Reading EIS value at index 28 from: c:\Users\CV166\Documents\LabWindowsCVI\BatteryApplication\battery-tester\data\BT32_baseline_20260327_145214\phase_3\eis_measurements\geis_20260327_190840_C01.mpr
2026-03-27 19:09:56 [INFO] [BIO] EIS data: t=71.405 s, f=0.199 Hz, Re(Z)=0.046183 Ohm, -Im(Z)=0.005451 Ohm
2026-03-27 19:09:56 [INFO] [BIO] Reading EIS value at index 29 from: c:\Users\CV166\Documents\LabWindowsCVI\BatteryApplication\battery-tester\data\BT32_baseline_20260327_145214\phase_3\eis_measurements\geis_20260327_190840_C01.mpr
2026-03-27 19:09:56 [INFO] [BIO] EIS data: t=71.405 s, f=0.100 Hz, Re(Z)=0.046581 Ohm, -Im(Z)=0.005628 Ohm
2026-03-27 19:09:56 [INFO] [BIO] Successfully converted 30 data points
2026-03-27 19:09:56 [INFO] [BIO] GEIS measurement completed successfully
2026-03-27 19:09:56 [INFO] Relaxation EIS #6 completed at 0.0% SOC (OCV: 2.83762574 V, relaxation: 600 s)
2026-03-27 19:09:56 [INFO] Relaxation EIS series complete: 6 measurements over 700 seconds
2026-03-27 19:09:56 [INFO] [PSB] Setting output: OFF
2026-03-27 19:09:56 [INFO] Waiting 300 seconds for battery relaxation after charge...
2026-03-27 19:15:28 [INFO] OCV vs SOC data written to: c:\Users\CV166\Documents\LabWindowsCVI\BatteryApplication\battery-tester\data\BT32_baseline_20260327_145214\phase_3\ocv_vs_soc.csv
2026-03-27 19:15:28 [INFO] Phase 3 completed successfully
2026-03-27 19:15:28 [INFO] === PHASE 4: Discharge to 50% Capacity ===
2026-03-27 19:15:28 [INFO] === Phase 4: Discharging battery to 50% capacity ===
2026-03-27 19:15:28 [INFO] Target discharge: 2395.30 mAh (50% of 4790.61 mAh usable capacity)
2026-03-27 19:15:28 [INFO] Switching to PSB...
2026-03-27 19:15:28 [INFO] [PSB] Setting output: OFF
2026-03-27 19:15:29 [INFO] RELAY DIAG: PSB voltage BEFORE relay connect (output OFF): 2.8496 V
2026-03-27 19:15:30 [INFO] RELAY DIAG: PSB voltage AFTER relay connect (output OFF): 2.8496 V
2026-03-27 19:15:30 [WARN] RELAY DIAG: Voltage unchanged (delta=0.0000V) - sense wires may bypass relay, or relay was already connected
2026-03-27 19:15:30 [INFO] [PSB] Setting output: ON
2026-03-27 19:15:30 [INFO] Successfully switched to PSB (output enabled)
2026-03-27 19:15:30 [INFO] Starting discharge of 2395.30 mAh at 5.00 A
2026-03-27 19:15:31 [INFO] [PSB] Setting voltage: 2.70V
2026-03-27 19:15:31 [INFO] [PSB] Setting power: 30.00W
2026-03-27 19:15:31 [INFO] [PSB] Setting sink power: 30.00W
2026-03-27 19:15:31 [INFO] [PSB] Setting sink current: 5.00A
2026-03-27 19:15:32 [INFO] [PSB] Setting output: ON
2026-03-27 19:15:32 [INFO] Waiting for output to stabilize...
2026-03-27 19:15:39 [INFO] discharge stopped - current below threshold (0.000 A < 0.250 A)
2026-03-27 19:15:39 [INFO] [PSB] Setting output: OFF
2026-03-27 19:15:39 [INFO] Discharge complete: 0.00 mAh in 0.1 minutes
2026-03-27 19:15:39 [WARN] Phase 4 incomplete - failed to discharge to exactly 50% of usable capacity
2026-03-27 19:15:39 [INFO]   Discharged: 0.00 mAh (target: 2395.30 mAh)
2026-03-27 19:15:39 [INFO]   Percentage of usable capacity: 0.0%
2026-03-27 19:15:39 [INFO] Phase 4 completed
2026-03-27 19:15:39 [INFO] === PHASE 5: Post-Experiment OCV Measurement ===
2026-03-27 19:15:39 [INFO] Phase 5: Running post-experiment OCV measurement
2026-03-27 19:15:39 [INFO] === OCV Experiment (Phase 5) ===
2026-03-27 19:15:39 [INFO] Switching to BioLogic...
2026-03-27 19:15:40 [INFO] [PSB] Setting output: OFF
2026-03-27 19:15:41 [INFO] Successfully switched to BioLogic
2026-03-27 19:15:41 [INFO] Setting up temperature control: target 30.0 C
2026-03-27 19:15:41 [INFO] [DTB] Setting setpoint to 30.0°C for all 2 DTB devices...
2026-03-27 19:15:41 [INFO] [DTB] Setting setpoint: 30.0°C
2026-03-27 19:15:41 [INFO] [DTB] Setting setpoint: 30.0°C
2026-03-27 19:15:42 [INFO] [DTB] Successfully set setpoint for all DTB devices
2026-03-27 19:15:42 [INFO] [DTB] Setting run/stop to RUN for all 2 DTB devices...
2026-03-27 19:15:42 [INFO] [DTB] Setting Run/Stop: RUN
2026-03-27 19:15:42 [INFO] [DTB] Setting Run/Stop: RUN
2026-03-27 19:15:43 [INFO] [DTB] Successfully set run/stop for all DTB devices
2026-03-27 19:15:43 [INFO] Waiting for ALL DTB devices to reach target temperature: 30.0 C
2026-03-27 19:15:57 [INFO] DTB avg: 29.9 C (target: 30.0 C, max diff: 0.1 C, 2/2 in tolerance)
2026-03-27 19:15:57 [INFO] ALL DTB devices reached target temperature (avg: 29.9 C)
2026-03-27 19:15:57 [INFO] Stabilizing temperature for 300 seconds...
2026-03-27 19:20:56 [INFO] Temperature stabilization completed
2026-03-27 19:20:56 [INFO] Phase 5: Resting for 10800 seconds...
2026-03-27 21:02:09 [WARN] DTB(slave 2) status callback timed out after 5011.5 ms
2026-03-27 21:02:09 [WARN] DTB(slave 2) status update timed out
2026-03-27 22:20:57 [INFO] Phase 5: Rest period completed
2026-03-27 22:20:57 [INFO] [BIO] EC-Lab data directory set to: c:\Users\CV166\Documents\LabWindowsCVI\BatteryApplication\battery-tester\data\BT32_baseline_20260327_145214\phase_5
2026-03-27 22:20:57 [INFO] Starting OCV measurement...
2026-03-27 22:20:57 [INFO] [BIO] Starting OCV measurement via EC-Lab
2026-03-27 22:20:57 [INFO] [BIO]   Settings: C:\Users\CV166\Documents\LabWindowsCVI\BatteryApplication\battery-tester\eclab_settings\ocv_experiment.mps
2026-03-27 22:20:57 [INFO] [BIO]   Output: c:\Users\CV166\Documents\LabWindowsCVI\BatteryApplication\battery-tester\data\BT32_baseline_20260327_145214\phase_5\ocv_20260327_222057_C01.mpr
2026-03-27 22:20:57 [INFO] [BIO] Loading settings from: C:\Users\CV166\Documents\LabWindowsCVI\BatteryApplication\battery-tester\eclab_settings\ocv_experiment.mps
2026-03-27 22:20:57 [INFO] [BIO] Settings loaded successfully
2026-03-27 22:20:57 [INFO] [BIO] Starting measurement, output: c:\Users\CV166\Documents\LabWindowsCVI\BatteryApplication\battery-tester\data\BT32_baseline_20260327_145214\phase_5\ocv_20260327_222057_C01.mpr
2026-03-27 22:20:58 [INFO] [BIO] Measurement started
2026-03-27 22:20:58 [INFO] [BIO] Monitoring measurement (timeout: 360000 ms)
2026-03-27 22:20:58 [INFO] [BIO] Status: 0, Technique: 11, Time: 71.4 s, Ewe: 2.9137 V, I: 0.0000 A
2026-03-27 22:21:01 [INFO] [BIO] Measurement started running
2026-03-27 22:21:03 [INFO] [BIO] Status: 1, Technique: 11, Time: 2.4 s, Ewe: 2.9138 V, I: 0.0000 A
2026-03-27 22:21:08 [INFO] [BIO] Status: 1, Technique: 11, Time: 7.8 s, Ewe: 2.9137 V, I: 0.0000 A
2026-03-27 22:21:14 [INFO] [BIO] Status: 1, Technique: 11, Time: 13.2 s, Ewe: 2.9137 V, I: 0.0000 A
2026-03-27 22:21:19 [INFO] [BIO] Status: 1, Technique: 11, Time: 18.5 s, Ewe: 2.9138 V, I: 0.0000 A
2026-03-27 22:21:25 [INFO] [BIO] Status: 1, Technique: 11, Time: 23.9 s, Ewe: 2.9139 V, I: 0.0000 A
2026-03-27 22:21:30 [INFO] [BIO] Status: 1, Technique: 11, Time: 29.3 s, Ewe: 2.9138 V, I: 0.0000 A
2026-03-27 22:21:35 [INFO] [BIO] Status: 1, Technique: 11, Time: 34.6 s, Ewe: 2.9135 V, I: 0.0000 A
2026-03-27 22:21:41 [INFO] [BIO] Status: 1, Technique: 11, Time: 40.0 s, Ewe: 2.9138 V, I: 0.0000 A
2026-03-27 22:21:46 [INFO] [BIO] Status: 1, Technique: 11, Time: 45.3 s, Ewe: 2.9140 V, I: 0.0000 A
2026-03-27 22:21:51 [INFO] [BIO] Status: 1, Technique: 11, Time: 50.8 s, Ewe: 2.9138 V, I: 0.0000 A
2026-03-27 22:21:57 [INFO] [BIO] Status: 1, Technique: 11, Time: 56.2 s, Ewe: 2.9137 V, I: 0.0000 A
2026-03-27 22:22:02 [INFO] [BIO] Status: 1, Technique: 11, Time: 61.5 s, Ewe: 2.9136 V, I: 0.0000 A
2026-03-27 22:22:07 [INFO] [BIO] Status: 1, Technique: 11, Time: 66.8 s, Ewe: 2.9137 V, I: 0.0000 A
2026-03-27 22:22:13 [INFO] [BIO] Status: 1, Technique: 11, Time: 72.1 s, Ewe: 2.9136 V, I: 0.0000 A
2026-03-27 22:22:18 [INFO] [BIO] Status: 1, Technique: 11, Time: 77.4 s, Ewe: 2.9139 V, I: 0.0000 A
2026-03-27 22:22:23 [INFO] [BIO] Status: 1, Technique: 11, Time: 82.8 s, Ewe: 2.9139 V, I: 0.0000 A
2026-03-27 22:22:29 [INFO] [BIO] Status: 1, Technique: 11, Time: 88.2 s, Ewe: 2.9140 V, I: 0.0000 A
2026-03-27 22:22:34 [INFO] [BIO] Status: 1, Technique: 11, Time: 93.6 s, Ewe: 2.9139 V, I: 0.0000 A
2026-03-27 22:22:40 [INFO] [BIO] Status: 1, Technique: 11, Time: 99.0 s, Ewe: 2.9138 V, I: 0.0000 A
2026-03-27 22:22:45 [INFO] [BIO] Status: 1, Technique: 11, Time: 104.4 s, Ewe: 2.9140 V, I: 0.0000 A
2026-03-27 22:22:50 [INFO] [BIO] Status: 1, Technique: 11, Time: 109.8 s, Ewe: 2.9140 V, I: 0.0000 A
2026-03-27 22:22:56 [INFO] [BIO] Status: 1, Technique: 11, Time: 115.2 s, Ewe: 2.9137 V, I: 0.0000 A
2026-03-27 22:23:01 [INFO] [BIO] Status: 1, Technique: 11, Time: 120.5 s, Ewe: 2.9136 V, I: 0.0000 A
2026-03-27 22:23:06 [INFO] [BIO] Status: 1, Technique: 11, Time: 125.9 s, Ewe: 2.9140 V, I: 0.0000 A
2026-03-27 22:23:12 [INFO] [BIO] Status: 1, Technique: 11, Time: 131.2 s, Ewe: 2.9140 V, I: 0.0000 A
2026-03-27 22:23:17 [INFO] [BIO] Status: 1, Technique: 11, Time: 136.5 s, Ewe: 2.9138 V, I: 0.0000 A
2026-03-27 22:23:22 [INFO] [BIO] Status: 1, Technique: 11, Time: 141.8 s, Ewe: 2.9140 V, I: 0.0000 A
2026-03-27 22:23:28 [INFO] [BIO] Status: 1, Technique: 11, Time: 147.2 s, Ewe: 2.9137 V, I: 0.0000 A
2026-03-27 22:23:33 [INFO] [BIO] Status: 1, Technique: 11, Time: 152.6 s, Ewe: 2.9138 V, I: 0.0000 A
2026-03-27 22:23:39 [INFO] [BIO] Status: 1, Technique: 11, Time: 158.0 s, Ewe: 2.9139 V, I: 0.0000 A
2026-03-27 22:23:44 [INFO] [BIO] Status: 1, Technique: 11, Time: 163.4 s, Ewe: 2.9138 V, I: 0.0000 A
2026-03-27 22:23:49 [INFO] [BIO] Status: 1, Technique: 11, Time: 168.8 s, Ewe: 2.9140 V, I: 0.0000 A
2026-03-27 22:23:55 [INFO] [BIO] Status: 1, Technique: 11, Time: 174.1 s, Ewe: 2.9141 V, I: 0.0000 A
2026-03-27 22:24:00 [INFO] [BIO] Status: 1, Technique: 11, Time: 179.5 s, Ewe: 2.9140 V, I: 0.0000 A
2026-03-27 22:24:06 [INFO] [BIO] Status: 1, Technique: 11, Time: 184.9 s, Ewe: 2.9139 V, I: 0.0000 A
2026-03-27 22:24:11 [INFO] [BIO] Status: 1, Technique: 11, Time: 190.3 s, Ewe: 2.9140 V, I: 0.0000 A
2026-03-27 22:24:16 [INFO] [BIO] Status: 1, Technique: 11, Time: 195.6 s, Ewe: 2.9138 V, I: 0.0000 A
2026-03-27 22:24:22 [INFO] [BIO] Status: 1, Technique: 11, Time: 201.0 s, Ewe: 2.9139 V, I: 0.0000 A
2026-03-27 22:24:27 [INFO] [BIO] Status: 1, Technique: 11, Time: 206.3 s, Ewe: 2.9139 V, I: 0.0000 A
2026-03-27 22:24:32 [INFO] [BIO] Status: 1, Technique: 11, Time: 211.8 s, Ewe: 2.9138 V, I: 0.0000 A
2026-03-27 22:24:38 [INFO] [BIO] Status: 1, Technique: 11, Time: 217.1 s, Ewe: 2.9140 V, I: 0.0000 A
2026-03-27 22:24:43 [INFO] [BIO] Status: 1, Technique: 11, Time: 222.5 s, Ewe: 2.9141 V, I: 0.0000 A
2026-03-27 22:24:49 [INFO] [BIO] Status: 1, Technique: 11, Time: 227.9 s, Ewe: 2.9141 V, I: 0.0000 A
2026-03-27 22:24:54 [INFO] [BIO] Status: 1, Technique: 11, Time: 233.3 s, Ewe: 2.9142 V, I: 0.0000 A
2026-03-27 22:24:59 [INFO] [BIO] Status: 1, Technique: 11, Time: 238.7 s, Ewe: 2.9141 V, I: 0.0000 A
2026-03-27 22:25:01 [INFO] [BIO] Measurement completed (240.0 s, Ewe: 2.9142 V)
2026-03-27 22:25:02 [INFO] [BIO] Converting .mpr file to BIO_TechniqueData: c:\Users\CV166\Documents\LabWindowsCVI\BatteryApplication\battery-tester\data\BT32_baseline_20260327_145214\phase_5\ocv_20260327_222057_C01.mpr
2026-03-27 22:25:02 [INFO] [BIO] Reading number of points from: c:\Users\CV166\Documents\LabWindowsCVI\BatteryApplication\battery-tester\data\BT32_baseline_20260327_145214\phase_5\ocv_20260327_222057_C01.mpr
2026-03-27 22:25:02 [INFO] [BIO] File contains 24 data points
2026-03-27 22:25:02 [INFO] [BIO] Reading 24 data points from .mpr file
2026-03-27 22:25:02 [INFO] [BIO] Reading DC value at index 0 from: c:\Users\CV166\Documents\LabWindowsCVI\BatteryApplication\battery-tester\data\BT32_baseline_20260327_145214\phase_5\ocv_20260327_222057_C01.mpr
2026-03-27 22:25:02 [INFO] [BIO] DC data: t=10.000 s, V=2.913663 V, I=0.000000 mA
2026-03-27 22:25:02 [INFO] [BIO] Reading DC value at index 1 from: c:\Users\CV166\Documents\LabWindowsCVI\BatteryApplication\battery-tester\data\BT32_baseline_20260327_145214\phase_5\ocv_20260327_222057_C01.mpr
2026-03-27 22:25:02 [INFO] [BIO] DC data: t=20.000 s, V=2.913672 V, I=0.000000 mA
2026-03-27 22:25:02 [INFO] [BIO] Reading DC value at index 2 from: c:\Users\CV166\Documents\LabWindowsCVI\BatteryApplication\battery-tester\data\BT32_baseline_20260327_145214\phase_5\ocv_20260327_222057_C01.mpr
2026-03-27 22:25:02 [INFO] [BIO] DC data: t=30.000 s, V=2.913690 V, I=0.000000 mA
2026-03-27 22:25:02 [INFO] [BIO] Reading DC value at index 3 from: c:\Users\CV166\Documents\LabWindowsCVI\BatteryApplication\battery-tester\data\BT32_baseline_20260327_145214\phase_5\ocv_20260327_222057_C01.mpr
2026-03-27 22:25:02 [INFO] [BIO] DC data: t=40.000 s, V=2.913708 V, I=0.000000 mA
2026-03-27 22:25:02 [INFO] [BIO] Reading DC value at index 4 from: c:\Users\CV166\Documents\LabWindowsCVI\BatteryApplication\battery-tester\data\BT32_baseline_20260327_145214\phase_5\ocv_20260327_222057_C01.mpr
2026-03-27 22:25:02 [INFO] [BIO] DC data: t=50.000 s, V=2.913725 V, I=0.000000 mA
2026-03-27 22:25:02 [INFO] [BIO] Reading DC value at index 5 from: c:\Users\CV166\Documents\LabWindowsCVI\BatteryApplication\battery-tester\data\BT32_baseline_20260327_145214\phase_5\ocv_20260327_222057_C01.mpr
2026-03-27 22:25:02 [INFO] [BIO] DC data: t=60.000 s, V=2.913738 V, I=0.000000 mA
2026-03-27 22:25:02 [INFO] [BIO] Reading DC value at index 6 from: c:\Users\CV166\Documents\LabWindowsCVI\BatteryApplication\battery-tester\data\BT32_baseline_20260327_145214\phase_5\ocv_20260327_222057_C01.mpr
2026-03-27 22:25:02 [INFO] [BIO] DC data: t=70.000 s, V=2.913755 V, I=0.000000 mA
2026-03-27 22:25:02 [INFO] [BIO] Reading DC value at index 7 from: c:\Users\CV166\Documents\LabWindowsCVI\BatteryApplication\battery-tester\data\BT32_baseline_20260327_145214\phase_5\ocv_20260327_222057_C01.mpr
2026-03-27 22:25:02 [INFO] [BIO] DC data: t=80.000 s, V=2.913771 V, I=0.000000 mA
2026-03-27 22:25:02 [INFO] [BIO] Reading DC value at index 8 from: c:\Users\CV166\Documents\LabWindowsCVI\BatteryApplication\battery-tester\data\BT32_baseline_20260327_145214\phase_5\ocv_20260327_222057_C01.mpr
2026-03-27 22:25:02 [INFO] [BIO] DC data: t=90.000 s, V=2.913790 V, I=0.000000 mA
2026-03-27 22:25:02 [INFO] [BIO] Reading DC value at index 9 from: c:\Users\CV166\Documents\LabWindowsCVI\BatteryApplication\battery-tester\data\BT32_baseline_20260327_145214\phase_5\ocv_20260327_222057_C01.mpr
2026-03-27 22:25:02 [INFO] [BIO] DC data: t=100.000 s, V=2.913809 V, I=0.000000 mA
2026-03-27 22:25:02 [INFO] [BIO] Reading DC value at index 10 from: c:\Users\CV166\Documents\LabWindowsCVI\BatteryApplication\battery-tester\data\BT32_baseline_20260327_145214\phase_5\ocv_20260327_222057_C01.mpr
2026-03-27 22:25:02 [INFO] [BIO] DC data: t=110.000 s, V=2.913828 V, I=0.000000 mA
2026-03-27 22:25:02 [INFO] [BIO] Reading DC value at index 11 from: c:\Users\CV166\Documents\LabWindowsCVI\BatteryApplication\battery-tester\data\BT32_baseline_20260327_145214\phase_5\ocv_20260327_222057_C01.mpr
2026-03-27 22:25:02 [INFO] [BIO] DC data: t=120.000 s, V=2.913845 V, I=0.000000 mA
2026-03-27 22:25:02 [INFO] [BIO] Reading DC value at index 12 from: c:\Users\CV166\Documents\LabWindowsCVI\BatteryApplication\battery-tester\data\BT32_baseline_20260327_145214\phase_5\ocv_20260327_222057_C01.mpr
2026-03-27 22:25:02 [INFO] [BIO] DC data: t=130.000 s, V=2.913861 V, I=0.000000 mA
2026-03-27 22:25:02 [INFO] [BIO] Reading DC value at index 13 from: c:\Users\CV166\Documents\LabWindowsCVI\BatteryApplication\battery-tester\data\BT32_baseline_20260327_145214\phase_5\ocv_20260327_222057_C01.mpr
2026-03-27 22:25:02 [INFO] [BIO] DC data: t=140.000 s, V=2.913875 V, I=0.000000 mA
2026-03-27 22:25:02 [INFO] [BIO] Reading DC value at index 14 from: c:\Users\CV166\Documents\LabWindowsCVI\BatteryApplication\battery-tester\data\BT32_baseline_20260327_145214\phase_5\ocv_20260327_222057_C01.mpr
2026-03-27 22:25:02 [INFO] [BIO] DC data: t=150.000 s, V=2.913886 V, I=0.000000 mA
2026-03-27 22:25:02 [INFO] [BIO] Reading DC value at index 15 from: c:\Users\CV166\Documents\LabWindowsCVI\BatteryApplication\battery-tester\data\BT32_baseline_20260327_145214\phase_5\ocv_20260327_222057_C01.mpr
2026-03-27 22:25:02 [INFO] [BIO] DC data: t=160.000 s, V=2.913896 V, I=0.000000 mA
2026-03-27 22:25:02 [INFO] [BIO] Reading DC value at index 16 from: c:\Users\CV166\Documents\LabWindowsCVI\BatteryApplication\battery-tester\data\BT32_baseline_20260327_145214\phase_5\ocv_20260327_222057_C01.mpr
2026-03-27 22:25:02 [INFO] [BIO] DC data: t=170.000 s, V=2.913907 V, I=0.000000 mA
2026-03-27 22:25:02 [INFO] [BIO] Reading DC value at index 17 from: c:\Users\CV166\Documents\LabWindowsCVI\BatteryApplication\battery-tester\data\BT32_baseline_20260327_145214\phase_5\ocv_20260327_222057_C01.mpr
2026-03-27 22:25:02 [INFO] [BIO] DC data: t=180.000 s, V=2.913922 V, I=0.000000 mA
2026-03-27 22:25:02 [INFO] [BIO] Reading DC value at index 18 from: c:\Users\CV166\Documents\LabWindowsCVI\BatteryApplication\battery-tester\data\BT32_baseline_20260327_145214\phase_5\ocv_20260327_222057_C01.mpr
2026-03-27 22:25:02 [INFO] [BIO] DC data: t=190.000 s, V=2.913934 V, I=0.000000 mA
2026-03-27 22:25:02 [INFO] [BIO] Reading DC value at index 19 from: c:\Users\CV166\Documents\LabWindowsCVI\BatteryApplication\battery-tester\data\BT32_baseline_20260327_145214\phase_5\ocv_20260327_222057_C01.mpr
2026-03-27 22:25:02 [INFO] [BIO] DC data: t=200.000 s, V=2.913949 V, I=0.000000 mA
2026-03-27 22:25:02 [INFO] [BIO] Reading DC value at index 20 from: c:\Users\CV166\Documents\LabWindowsCVI\BatteryApplication\battery-tester\data\BT32_baseline_20260327_145214\phase_5\ocv_20260327_222057_C01.mpr
2026-03-27 22:25:02 [INFO] [BIO] DC data: t=210.000 s, V=2.913962 V, I=0.000000 mA
2026-03-27 22:25:02 [INFO] [BIO] Reading DC value at index 21 from: c:\Users\CV166\Documents\LabWindowsCVI\BatteryApplication\battery-tester\data\BT32_baseline_20260327_145214\phase_5\ocv_20260327_222057_C01.mpr
2026-03-27 22:25:02 [INFO] [BIO] DC data: t=220.000 s, V=2.913978 V, I=0.000000 mA
2026-03-27 22:25:02 [INFO] [BIO] Reading DC value at index 22 from: c:\Users\CV166\Documents\LabWindowsCVI\BatteryApplication\battery-tester\data\BT32_baseline_20260327_145214\phase_5\ocv_20260327_222057_C01.mpr
2026-03-27 22:25:02 [INFO] [BIO] DC data: t=230.000 s, V=2.913993 V, I=0.000000 mA
2026-03-27 22:25:02 [INFO] [BIO] Reading DC value at index 23 from: c:\Users\CV166\Documents\LabWindowsCVI\BatteryApplication\battery-tester\data\BT32_baseline_20260327_145214\phase_5\ocv_20260327_222057_C01.mpr
2026-03-27 22:25:02 [INFO] [BIO] DC data: t=240.000 s, V=2.914013 V, I=0.000000 mA
2026-03-27 22:25:02 [INFO] [BIO] Successfully converted 24 data points
2026-03-27 22:25:02 [INFO] [BIO] OCV measurement completed successfully
2026-03-27 22:25:02 [INFO] OCV measurement: final=2.91401339 V, avg=2.91384042 V, min=2.91366315 V, max=2.91401339 V (24 points)
2026-03-27 22:25:09 [INFO] Phase 5: OCV = 2.91401339 V (avg: 2.91384042 V)
2026-03-27 22:25:09 [INFO] Phase 5 complete: OCV = 2.9140 V
2026-03-27 22:25:09 [INFO] Switching to PSB...
2026-03-27 22:25:09 [INFO] [PSB] Setting output: OFF
2026-03-27 22:25:10 [INFO] RELAY DIAG: PSB voltage BEFORE relay connect (output OFF): 2.9137 V
2026-03-27 22:25:11 [INFO] RELAY DIAG: PSB voltage AFTER relay connect (output OFF): 2.9137 V
2026-03-27 22:25:11 [WARN] RELAY DIAG: Voltage unchanged (delta=0.0000V) - sense wires may bypass relay, or relay was already connected
2026-03-27 22:25:11 [INFO] [PSB] Setting output: ON
2026-03-27 22:25:11 [INFO] Successfully switched to PSB (output enabled)
2026-03-27 22:25:11 [INFO] === BASELINE EXPERIMENT COMPLETED SUCCESSFULLY ===
2026-03-27 22:25:11 [INFO] Total experiment time: 7.5 hours
2026-03-27 22:25:11 [INFO] Comprehensive results written to: c:\Users\CV166\Documents\LabWindowsCVI\BatteryApplication\battery-tester\data\BT32_baseline_20260327_145214\summary.txt
2026-03-27 22:25:11 [INFO] Cleaning up baseline experiment...
2026-03-27 22:25:11 [INFO] Safely disconnecting all devices...
2026-03-27 22:25:11 [INFO] [PSB] Setting output: OFF
2026-03-27 22:25:12 [INFO] [DTB] Setting run/stop to STOP for all 2 DTB devices...
2026-03-27 22:25:13 [INFO] [DTB] Setting Run/Stop: STOP
2026-03-27 22:25:13 [INFO] [DTB] Setting Run/Stop: STOP
2026-03-27 22:25:14 [INFO] [DTB] Successfully set run/stop for all DTB devices
2026-03-27 22:25:14 [INFO] Device disconnect completed
